image_id,file_path,pixel_size,label,difficulty,left_eye,right_eye,nose,mouth
1,data\real_and_fake_face\training_fake\easy_100_1111.jpg,600x600,fake,easy,1,1,1,1
2,data\real_and_fake_face\training_fake\easy_101_0010.jpg,600x600,fake,easy,0,0,1,0
3,data\real_and_fake_face\training_fake\easy_102_0101.jpg,600x600,fake,easy,0,1,0,1
4,data\real_and_fake_face\training_fake\easy_103_1111.jpg,600x600,fake,easy,1,1,1,1
5,data\real_and_fake_face\training_fake\easy_104_1000.jpg,600x600,fake,easy,1,0,0,0
6,data\real_and_fake_face\training_fake\easy_105_1100.jpg,600x600,fake,easy,1,1,0,0
7,data\real_and_fake_face\training_fake\easy_106_0011.jpg,600x600,fake,easy,0,0,1,1
8,data\real_and_fake_face\training_fake\easy_107_1011.jpg,600x600,fake,easy,1,0,1,1
9,data\real_and_fake_face\training_fake\easy_108_1111.jpg,600x600,fake,easy,1,1,1,1
10,data\real_and_fake_face\training_fake\easy_109_1111.jpg,600x600,fake,easy,1,1,1,1
11,data\real_and_fake_face\training_fake\easy_10_0001.jpg,600x600,fake,easy,0,0,0,1
12,data\real_and_fake_face\training_fake\easy_110_0001.jpg,600x600,fake,easy,0,0,0,1
13,data\real_and_fake_face\training_fake\easy_111_1101.jpg,600x600,fake,easy,1,1,0,1
14,data\real_and_fake_face\training_fake\easy_112_1001.jpg,600x600,fake,easy,1,0,0,1
15,data\real_and_fake_face\training_fake\easy_113_0011.jpg,600x600,fake,easy,0,0,1,1
16,data\real_and_fake_face\training_fake\easy_114_1110.jpg,600x600,fake,easy,1,1,1,0
17,data\real_and_fake_face\training_fake\easy_115_0010.jpg,600x600,fake,easy,0,0,1,0
18,data\real_and_fake_face\training_fake\easy_116_111.jpg,600x600,fake,easy,0,0,0,0
19,data\real_and_fake_face\training_fake\easy_117_0101.jpg,600x600,fake,easy,0,1,0,1
20,data\real_and_fake_face\training_fake\easy_118_1111.jpg,600x600,fake,easy,1,1,1,1
21,data\real_and_fake_face\training_fake\easy_119_0011.jpg,600x600,fake,easy,0,0,1,1
22,data\real_and_fake_face\training_fake\easy_11_1111.jpg,600x600,fake,easy,1,1,1,1
23,data\real_and_fake_face\training_fake\easy_120_0011.jpg,600x600,fake,easy,0,0,1,1
24,data\real_and_fake_face\training_fake\easy_121_0011.jpg,600x600,fake,easy,0,0,1,1
25,data\real_and_fake_face\training_fake\easy_122_1011.jpg,600x600,fake,easy,1,0,1,1
26,data\real_and_fake_face\training_fake\easy_123_0100.jpg,600x600,fake,easy,0,1,0,0
27,data\real_and_fake_face\training_fake\easy_124_1110.jpg,600x600,fake,easy,1,1,1,0
28,data\real_and_fake_face\training_fake\easy_125_0011.jpg,600x600,fake,easy,0,0,1,1
29,data\real_and_fake_face\training_fake\easy_126_0111.jpg,600x600,fake,easy,0,1,1,1
30,data\real_and_fake_face\training_fake\easy_127_0001.jpg,600x600,fake,easy,0,0,0,1
31,data\real_and_fake_face\training_fake\easy_128_0111.jpg,600x600,fake,easy,0,1,1,1
32,data\real_and_fake_face\training_fake\easy_129_1111.jpg,600x600,fake,easy,1,1,1,1
33,data\real_and_fake_face\training_fake\easy_12_1110.jpg,600x600,fake,easy,1,1,1,0
34,data\real_and_fake_face\training_fake\easy_130_1101.jpg,600x600,fake,easy,1,1,0,1
35,data\real_and_fake_face\training_fake\easy_131_1001.jpg,600x600,fake,easy,1,0,0,1
36,data\real_and_fake_face\training_fake\easy_132_0110.jpg,600x600,fake,easy,0,1,1,0
37,data\real_and_fake_face\training_fake\easy_133_1100.jpg,600x600,fake,easy,1,1,0,0
38,data\real_and_fake_face\training_fake\easy_134_0001.jpg,600x600,fake,easy,0,0,0,1
39,data\real_and_fake_face\training_fake\easy_135_0011.jpg,600x600,fake,easy,0,0,1,1
40,data\real_and_fake_face\training_fake\easy_136_0111.jpg,600x600,fake,easy,0,1,1,1
41,data\real_and_fake_face\training_fake\easy_137_0001.jpg,600x600,fake,easy,0,0,0,1
42,data\real_and_fake_face\training_fake\easy_138_0101.jpg,600x600,fake,easy,0,1,0,1
43,data\real_and_fake_face\training_fake\easy_139_0110.jpg,600x600,fake,easy,0,1,1,0
44,data\real_and_fake_face\training_fake\easy_13_1010.jpg,600x600,fake,easy,1,0,1,0
45,data\real_and_fake_face\training_fake\easy_140_1111.jpg,600x600,fake,easy,1,1,1,1
46,data\real_and_fake_face\training_fake\easy_141_0111.jpg,600x600,fake,easy,0,1,1,1
47,data\real_and_fake_face\training_fake\easy_142_1111.jpg,600x600,fake,easy,1,1,1,1
48,data\real_and_fake_face\training_fake\easy_143_0011.jpg,600x600,fake,easy,0,0,1,1
49,data\real_and_fake_face\training_fake\easy_144_1111.jpg,600x600,fake,easy,1,1,1,1
50,data\real_and_fake_face\training_fake\easy_145_1000.jpg,600x600,fake,easy,1,0,0,0
51,data\real_and_fake_face\training_fake\easy_146_1110.jpg,600x600,fake,easy,1,1,1,0
52,data\real_and_fake_face\training_fake\easy_147_1110.jpg,600x600,fake,easy,1,1,1,0
53,data\real_and_fake_face\training_fake\easy_148_0011.jpg,600x600,fake,easy,0,0,1,1
54,data\real_and_fake_face\training_fake\easy_149_1001.jpg,600x600,fake,easy,1,0,0,1
55,data\real_and_fake_face\training_fake\easy_14_1111.jpg,600x600,fake,easy,1,1,1,1
56,data\real_and_fake_face\training_fake\easy_150_0011.jpg,600x600,fake,easy,0,0,1,1
57,data\real_and_fake_face\training_fake\easy_151_1110.jpg,600x600,fake,easy,1,1,1,0
58,data\real_and_fake_face\training_fake\easy_152_0011.jpg,600x600,fake,easy,0,0,1,1
59,data\real_and_fake_face\training_fake\easy_153_1110.jpg,600x600,fake,easy,1,1,1,0
60,data\real_and_fake_face\training_fake\easy_154_1100.jpg,600x600,fake,easy,1,1,0,0
61,data\real_and_fake_face\training_fake\easy_155_0011.jpg,600x600,fake,easy,0,0,1,1
62,data\real_and_fake_face\training_fake\easy_156_0010.jpg,600x600,fake,easy,0,0,1,0
63,data\real_and_fake_face\training_fake\easy_157_1110.jpg,600x600,fake,easy,1,1,1,0
64,data\real_and_fake_face\training_fake\easy_158_0011.jpg,600x600,fake,easy,0,0,1,1
65,data\real_and_fake_face\training_fake\easy_159_1111.jpg,600x600,fake,easy,1,1,1,1
66,data\real_and_fake_face\training_fake\easy_15_0011.jpg,600x600,fake,easy,0,0,1,1
67,data\real_and_fake_face\training_fake\easy_160_0011.jpg,600x600,fake,easy,0,0,1,1
68,data\real_and_fake_face\training_fake\easy_161_1101.jpg,600x600,fake,easy,1,1,0,1
69,data\real_and_fake_face\training_fake\easy_162_0001.jpg,600x600,fake,easy,0,0,0,1
70,data\real_and_fake_face\training_fake\easy_163_1001.jpg,600x600,fake,easy,1,0,0,1
71,data\real_and_fake_face\training_fake\easy_164_1111.jpg,600x600,fake,easy,1,1,1,1
72,data\real_and_fake_face\training_fake\easy_165_1010.jpg,600x600,fake,easy,1,0,1,0
73,data\real_and_fake_face\training_fake\easy_166_1100.jpg,600x600,fake,easy,1,1,0,0
74,data\real_and_fake_face\training_fake\easy_167_0110.jpg,600x600,fake,easy,0,1,1,0
75,data\real_and_fake_face\training_fake\easy_168_0010.jpg,600x600,fake,easy,0,0,1,0
76,data\real_and_fake_face\training_fake\easy_169_1100.jpg,600x600,fake,easy,1,1,0,0
77,data\real_and_fake_face\training_fake\easy_16_1111.jpg,600x600,fake,easy,1,1,1,1
78,data\real_and_fake_face\training_fake\easy_170_0010.jpg,600x600,fake,easy,0,0,1,0
79,data\real_and_fake_face\training_fake\easy_171_1100.jpg,600x600,fake,easy,1,1,0,0
80,data\real_and_fake_face\training_fake\easy_172_1001.jpg,600x600,fake,easy,1,0,0,1
81,data\real_and_fake_face\training_fake\easy_173_0111.jpg,600x600,fake,easy,0,1,1,1
82,data\real_and_fake_face\training_fake\easy_174_1110.jpg,600x600,fake,easy,1,1,1,0
83,data\real_and_fake_face\training_fake\easy_175_0001.jpg,600x600,fake,easy,0,0,0,1
84,data\real_and_fake_face\training_fake\easy_176_1000.jpg,600x600,fake,easy,1,0,0,0
85,data\real_and_fake_face\training_fake\easy_177_1010.jpg,600x600,fake,easy,1,0,1,0
86,data\real_and_fake_face\training_fake\easy_178_1111.jpg,600x600,fake,easy,1,1,1,1
87,data\real_and_fake_face\training_fake\easy_179_0001.jpg,600x600,fake,easy,0,0,0,1
88,data\real_and_fake_face\training_fake\easy_17_0011.jpg,600x600,fake,easy,0,0,1,1
89,data\real_and_fake_face\training_fake\easy_180_0011.jpg,600x600,fake,easy,0,0,1,1
90,data\real_and_fake_face\training_fake\easy_181_1110.jpg,600x600,fake,easy,1,1,1,0
91,data\real_and_fake_face\training_fake\easy_182_0100.jpg,600x600,fake,easy,0,1,0,0
92,data\real_and_fake_face\training_fake\easy_183_1111.jpg,600x600,fake,easy,1,1,1,1
93,data\real_and_fake_face\training_fake\easy_184_0110.jpg,600x600,fake,easy,0,1,1,0
94,data\real_and_fake_face\training_fake\easy_185_1101.jpg,600x600,fake,easy,1,1,0,1
95,data\real_and_fake_face\training_fake\easy_186_1001.jpg,600x600,fake,easy,1,0,0,1
96,data\real_and_fake_face\training_fake\easy_187_1110.jpg,600x600,fake,easy,1,1,1,0
97,data\real_and_fake_face\training_fake\easy_188_1111.jpg,600x600,fake,easy,1,1,1,1
98,data\real_and_fake_face\training_fake\easy_189_1101.jpg,600x600,fake,easy,1,1,0,1
99,data\real_and_fake_face\training_fake\easy_18_0011.jpg,600x600,fake,easy,0,0,1,1
100,data\real_and_fake_face\training_fake\easy_190_0101.jpg,600x600,fake,easy,0,1,0,1
101,data\real_and_fake_face\training_fake\easy_191_0001.jpg,600x600,fake,easy,0,0,0,1
102,data\real_and_fake_face\training_fake\easy_192_1000.jpg,600x600,fake,easy,1,0,0,0
103,data\real_and_fake_face\training_fake\easy_193_1110.jpg,600x600,fake,easy,1,1,1,0
104,data\real_and_fake_face\training_fake\easy_194_1011.jpg,600x600,fake,easy,1,0,1,1
105,data\real_and_fake_face\training_fake\easy_195_1110.jpg,600x600,fake,easy,1,1,1,0
106,data\real_and_fake_face\training_fake\easy_196_0010.jpg,600x600,fake,easy,0,0,1,0
107,data\real_and_fake_face\training_fake\easy_197_1111.jpg,600x600,fake,easy,1,1,1,1
108,data\real_and_fake_face\training_fake\easy_198_0011.jpg,600x600,fake,easy,0,0,1,1
109,data\real_and_fake_face\training_fake\easy_199_1100.jpg,600x600,fake,easy,1,1,0,0
110,data\real_and_fake_face\training_fake\easy_19_0111.jpg,600x600,fake,easy,0,1,1,1
111,data\real_and_fake_face\training_fake\easy_1_1110.jpg,600x600,fake,easy,1,1,1,0
112,data\real_and_fake_face\training_fake\easy_200_1110.jpg,600x600,fake,easy,1,1,1,0
113,data\real_and_fake_face\training_fake\easy_201_0001.jpg,600x600,fake,easy,0,0,0,1
114,data\real_and_fake_face\training_fake\easy_202_0011.jpg,600x600,fake,easy,0,0,1,1
115,data\real_and_fake_face\training_fake\easy_203_0111.jpg,600x600,fake,easy,0,1,1,1
116,data\real_and_fake_face\training_fake\easy_204_0101.jpg,600x600,fake,easy,0,1,0,1
117,data\real_and_fake_face\training_fake\easy_205_1110.jpg,600x600,fake,easy,1,1,1,0
118,data\real_and_fake_face\training_fake\easy_206_0011.jpg,600x600,fake,easy,0,0,1,1
119,data\real_and_fake_face\training_fake\easy_207_1000.jpg,600x600,fake,easy,1,0,0,0
120,data\real_and_fake_face\training_fake\easy_208_1111.jpg,600x600,fake,easy,1,1,1,1
121,data\real_and_fake_face\training_fake\easy_209_0001.jpg,600x600,fake,easy,0,0,0,1
122,data\real_and_fake_face\training_fake\easy_20_1111.jpg,600x600,fake,easy,1,1,1,1
123,data\real_and_fake_face\training_fake\easy_210_1011.jpg,600x600,fake,easy,1,0,1,1
124,data\real_and_fake_face\training_fake\easy_211_1100.jpg,600x600,fake,easy,1,1,0,0
125,data\real_and_fake_face\training_fake\easy_212_0010.jpg,600x600,fake,easy,0,0,1,0
126,data\real_and_fake_face\training_fake\easy_213_1111.jpg,600x600,fake,easy,1,1,1,1
127,data\real_and_fake_face\training_fake\easy_214_0011.jpg,600x600,fake,easy,0,0,1,1
128,data\real_and_fake_face\training_fake\easy_215_1111.jpg,600x600,fake,easy,1,1,1,1
129,data\real_and_fake_face\training_fake\easy_216_1100.jpg,600x600,fake,easy,1,1,0,0
130,data\real_and_fake_face\training_fake\easy_217_1111.jpg,600x600,fake,easy,1,1,1,1
131,data\real_and_fake_face\training_fake\easy_218_0011.jpg,600x600,fake,easy,0,0,1,1
132,data\real_and_fake_face\training_fake\easy_219_1101.jpg,600x600,fake,easy,1,1,0,1
133,data\real_and_fake_face\training_fake\easy_21_0011.jpg,600x600,fake,easy,0,0,1,1
134,data\real_and_fake_face\training_fake\easy_220_1000.jpg,600x600,fake,easy,1,0,0,0
135,data\real_and_fake_face\training_fake\easy_221_0111.jpg,600x600,fake,easy,0,1,1,1
136,data\real_and_fake_face\training_fake\easy_222_0011.jpg,600x600,fake,easy,0,0,1,1
137,data\real_and_fake_face\training_fake\easy_223_0100.jpg,600x600,fake,easy,0,1,0,0
138,data\real_and_fake_face\training_fake\easy_224_1100.jpg,600x600,fake,easy,1,1,0,0
139,data\real_and_fake_face\training_fake\easy_225_0010.jpg,600x600,fake,easy,0,0,1,0
140,data\real_and_fake_face\training_fake\easy_226_1111.jpg,600x600,fake,easy,1,1,1,1
141,data\real_and_fake_face\training_fake\easy_227_1110.jpg,600x600,fake,easy,1,1,1,0
142,data\real_and_fake_face\training_fake\easy_228_0011.jpg,600x600,fake,easy,0,0,1,1
143,data\real_and_fake_face\training_fake\easy_229_1000.jpg,600x600,fake,easy,1,0,0,0
144,data\real_and_fake_face\training_fake\easy_22_1010.jpg,600x600,fake,easy,1,0,1,0
145,data\real_and_fake_face\training_fake\easy_230_1010.jpg,600x600,fake,easy,1,0,1,0
146,data\real_and_fake_face\training_fake\easy_231_1011.jpg,600x600,fake,easy,1,0,1,1
147,data\real_and_fake_face\training_fake\easy_232_1100.jpg,600x600,fake,easy,1,1,0,0
148,data\real_and_fake_face\training_fake\easy_233_0010.jpg,600x600,fake,easy,0,0,1,0
149,data\real_and_fake_face\training_fake\easy_234_1000.jpg,600x600,fake,easy,1,0,0,0
150,data\real_and_fake_face\training_fake\easy_235_1111.jpg,600x600,fake,easy,1,1,1,1
151,data\real_and_fake_face\training_fake\easy_236_1100.jpg,600x600,fake,easy,1,1,0,0
152,data\real_and_fake_face\training_fake\easy_237_0011.jpg,600x600,fake,easy,0,0,1,1
153,data\real_and_fake_face\training_fake\easy_238_1111.jpg,600x600,fake,easy,1,1,1,1
154,data\real_and_fake_face\training_fake\easy_239_1110.jpg,600x600,fake,easy,1,1,1,0
155,data\real_and_fake_face\training_fake\easy_23_1100.jpg,600x600,fake,easy,1,1,0,0
156,data\real_and_fake_face\training_fake\easy_240_1110.jpg,600x600,fake,easy,1,1,1,0
157,data\real_and_fake_face\training_fake\easy_24_0011.jpg,600x600,fake,easy,0,0,1,1
158,data\real_and_fake_face\training_fake\easy_25_0110.jpg,600x600,fake,easy,0,1,1,0
159,data\real_and_fake_face\training_fake\easy_26_1100.jpg,600x600,fake,easy,1,1,0,0
160,data\real_and_fake_face\training_fake\easy_27_1000.jpg,600x600,fake,easy,1,0,0,0
161,data\real_and_fake_face\training_fake\easy_28_1100.jpg,600x600,fake,easy,1,1,0,0
162,data\real_and_fake_face\training_fake\easy_29_0011.jpg,600x600,fake,easy,0,0,1,1
163,data\real_and_fake_face\training_fake\easy_2_1111.jpg,600x600,fake,easy,1,1,1,1
164,data\real_and_fake_face\training_fake\easy_30_1001.jpg,600x600,fake,easy,1,0,0,1
165,data\real_and_fake_face\training_fake\easy_31_0011.jpg,600x600,fake,easy,0,0,1,1
166,data\real_and_fake_face\training_fake\easy_32_1100.jpg,600x600,fake,easy,1,1,0,0
167,data\real_and_fake_face\training_fake\easy_33_0010.jpg,600x600,fake,easy,0,0,1,0
168,data\real_and_fake_face\training_fake\easy_34_1100.jpg,600x600,fake,easy,1,1,0,0
169,data\real_and_fake_face\training_fake\easy_35_0110.jpg,600x600,fake,easy,0,1,1,0
170,data\real_and_fake_face\training_fake\easy_36_1111.jpg,600x600,fake,easy,1,1,1,1
171,data\real_and_fake_face\training_fake\easy_37_0010.jpg,600x600,fake,easy,0,0,1,0
172,data\real_and_fake_face\training_fake\easy_38_0010.jpg,600x600,fake,easy,0,0,1,0
173,data\real_and_fake_face\training_fake\easy_39_0011.jpg,600x600,fake,easy,0,0,1,1
174,data\real_and_fake_face\training_fake\easy_3_1100.jpg,600x600,fake,easy,1,1,0,0
175,data\real_and_fake_face\training_fake\easy_40_1111.jpg,600x600,fake,easy,1,1,1,1
176,data\real_and_fake_face\training_fake\easy_41_0001.jpg,600x600,fake,easy,0,0,0,1
177,data\real_and_fake_face\training_fake\easy_42_0001.jpg,600x600,fake,easy,0,0,0,1
178,data\real_and_fake_face\training_fake\easy_43_1100.jpg,600x600,fake,easy,1,1,0,0
179,data\real_and_fake_face\training_fake\easy_44_0011.jpg,600x600,fake,easy,0,0,1,1
180,data\real_and_fake_face\training_fake\easy_45_1010.jpg,600x600,fake,easy,1,0,1,0
181,data\real_and_fake_face\training_fake\easy_46_1100.jpg,600x600,fake,easy,1,1,0,0
182,data\real_and_fake_face\training_fake\easy_47_1110.jpg,600x600,fake,easy,1,1,1,0
183,data\real_and_fake_face\training_fake\easy_48_0011.jpg,600x600,fake,easy,0,0,1,1
184,data\real_and_fake_face\training_fake\easy_49_1000.jpg,600x600,fake,easy,1,0,0,0
185,data\real_and_fake_face\training_fake\easy_4_0011.jpg,600x600,fake,easy,0,0,1,1
186,data\real_and_fake_face\training_fake\easy_50_0110.jpg,600x600,fake,easy,0,1,1,0
187,data\real_and_fake_face\training_fake\easy_51_1110.jpg,600x600,fake,easy,1,1,1,0
188,data\real_and_fake_face\training_fake\easy_52_1100.jpg,600x600,fake,easy,1,1,0,0
189,data\real_and_fake_face\training_fake\easy_53_0001.jpg,600x600,fake,easy,0,0,0,1
190,data\real_and_fake_face\training_fake\easy_54_1010.jpg,600x600,fake,easy,1,0,1,0
191,data\real_and_fake_face\training_fake\easy_55_0011.jpg,600x600,fake,easy,0,0,1,1
192,data\real_and_fake_face\training_fake\easy_56_1110.jpg,600x600,fake,easy,1,1,1,0
193,data\real_and_fake_face\training_fake\easy_57_0010.jpg,600x600,fake,easy,0,0,1,0
194,data\real_and_fake_face\training_fake\easy_58_0011.jpg,600x600,fake,easy,0,0,1,1
195,data\real_and_fake_face\training_fake\easy_59_0010.jpg,600x600,fake,easy,0,0,1,0
196,data\real_and_fake_face\training_fake\easy_5_1100.jpg,600x600,fake,easy,1,1,0,0
197,data\real_and_fake_face\training_fake\easy_60_1111.jpg,600x600,fake,easy,1,1,1,1
198,data\real_and_fake_face\training_fake\easy_61_0111.jpg,600x600,fake,easy,0,1,1,1
199,data\real_and_fake_face\training_fake\easy_62_0001.jpg,600x600,fake,easy,0,0,0,1
200,data\real_and_fake_face\training_fake\easy_63_1110.jpg,600x600,fake,easy,1,1,1,0
201,data\real_and_fake_face\training_fake\easy_64_1111.jpg,600x600,fake,easy,1,1,1,1
202,data\real_and_fake_face\training_fake\easy_65_1111.jpg,600x600,fake,easy,1,1,1,1
203,data\real_and_fake_face\training_fake\easy_66_1101.jpg,600x600,fake,easy,1,1,0,1
204,data\real_and_fake_face\training_fake\easy_67_0101.jpg,600x600,fake,easy,0,1,0,1
205,data\real_and_fake_face\training_fake\easy_68_1100.jpg,600x600,fake,easy,1,1,0,0
206,data\real_and_fake_face\training_fake\easy_69_1011.jpg,600x600,fake,easy,1,0,1,1
207,data\real_and_fake_face\training_fake\easy_6_1110.jpg,600x600,fake,easy,1,1,1,0
208,data\real_and_fake_face\training_fake\easy_70_0011.jpg,600x600,fake,easy,0,0,1,1
209,data\real_and_fake_face\training_fake\easy_71_1100.jpg,600x600,fake,easy,1,1,0,0
210,data\real_and_fake_face\training_fake\easy_72_1111.jpg,600x600,fake,easy,1,1,1,1
211,data\real_and_fake_face\training_fake\easy_73_1110.jpg,600x600,fake,easy,1,1,1,0
212,data\real_and_fake_face\training_fake\easy_74_0010.jpg,600x600,fake,easy,0,0,1,0
213,data\real_and_fake_face\training_fake\easy_75_1100.jpg,600x600,fake,easy,1,1,0,0
214,data\real_and_fake_face\training_fake\easy_76_1111.jpg,600x600,fake,easy,1,1,1,1
215,data\real_and_fake_face\training_fake\easy_77_0111.jpg,600x600,fake,easy,0,1,1,1
216,data\real_and_fake_face\training_fake\easy_78_1111.jpg,600x600,fake,easy,1,1,1,1
217,data\real_and_fake_face\training_fake\easy_79_0001.jpg,600x600,fake,easy,0,0,0,1
218,data\real_and_fake_face\training_fake\easy_7_1100.jpg,600x600,fake,easy,1,1,0,0
219,data\real_and_fake_face\training_fake\easy_80_0001.jpg,600x600,fake,easy,0,0,0,1
220,data\real_and_fake_face\training_fake\easy_81_1111.jpg,600x600,fake,easy,1,1,1,1
221,data\real_and_fake_face\training_fake\easy_82_0001.jpg,600x600,fake,easy,0,0,0,1
222,data\real_and_fake_face\training_fake\easy_83_1110.jpg,600x600,fake,easy,1,1,1,0
223,data\real_and_fake_face\training_fake\easy_84_0011.jpg,600x600,fake,easy,0,0,1,1
224,data\real_and_fake_face\training_fake\easy_85_1111.jpg,600x600,fake,easy,1,1,1,1
225,data\real_and_fake_face\training_fake\easy_86_0011.jpg,600x600,fake,easy,0,0,1,1
226,data\real_and_fake_face\training_fake\easy_87_0110.jpg,600x600,fake,easy,0,1,1,0
227,data\real_and_fake_face\training_fake\easy_88_0011.jpg,600x600,fake,easy,0,0,1,1
228,data\real_and_fake_face\training_fake\easy_89_0010.jpg,600x600,fake,easy,0,0,1,0
229,data\real_and_fake_face\training_fake\easy_8_0010.jpg,600x600,fake,easy,0,0,1,0
230,data\real_and_fake_face\training_fake\easy_90_1111.jpg,600x600,fake,easy,1,1,1,1
231,data\real_and_fake_face\training_fake\easy_91_1000.jpg,600x600,fake,easy,1,0,0,0
232,data\real_and_fake_face\training_fake\easy_92_0011.jpg,600x600,fake,easy,0,0,1,1
233,data\real_and_fake_face\training_fake\easy_93_1010.jpg,600x600,fake,easy,1,0,1,0
234,data\real_and_fake_face\training_fake\easy_94_0001.jpg,600x600,fake,easy,0,0,0,1
235,data\real_and_fake_face\training_fake\easy_95_0101.jpg,600x600,fake,easy,0,1,0,1
236,data\real_and_fake_face\training_fake\easy_96_0011.jpg,600x600,fake,easy,0,0,1,1
237,data\real_and_fake_face\training_fake\easy_97_1111.jpg,600x600,fake,easy,1,1,1,1
238,data\real_and_fake_face\training_fake\easy_98_0001.jpg,600x600,fake,easy,0,0,0,1
239,data\real_and_fake_face\training_fake\easy_99_0101.jpg,600x600,fake,easy,0,1,0,1
240,data\real_and_fake_face\training_fake\easy_9_1010.jpg,600x600,fake,easy,1,0,1,0
241,data\real_and_fake_face\training_fake\hard_100_1111.jpg,600x600,fake,hard,1,1,1,1
242,data\real_and_fake_face\training_fake\hard_101_0011.jpg,600x600,fake,hard,0,0,1,1
243,data\real_and_fake_face\training_fake\hard_102_1001.jpg,600x600,fake,hard,1,0,0,1
244,data\real_and_fake_face\training_fake\hard_103_1101.jpg,600x600,fake,hard,1,1,0,1
245,data\real_and_fake_face\training_fake\hard_104_1001.jpg,600x600,fake,hard,1,0,0,1
246,data\real_and_fake_face\training_fake\hard_105_1011.jpg,600x600,fake,hard,1,0,1,1
247,data\real_and_fake_face\training_fake\hard_106_1100.jpg,600x600,fake,hard,1,1,0,0
248,data\real_and_fake_face\training_fake\hard_107_1111.jpg,600x600,fake,hard,1,1,1,1
249,data\real_and_fake_face\training_fake\hard_108_1111.jpg,600x600,fake,hard,1,1,1,1
250,data\real_and_fake_face\training_fake\hard_109_1100.jpg,600x600,fake,hard,1,1,0,0
251,data\real_and_fake_face\training_fake\hard_10_1111.jpg,600x600,fake,hard,1,1,1,1
252,data\real_and_fake_face\training_fake\hard_110_1110.jpg,600x600,fake,hard,1,1,1,0
253,data\real_and_fake_face\training_fake\hard_111_1111.jpg,600x600,fake,hard,1,1,1,1
254,data\real_and_fake_face\training_fake\hard_112_1111.jpg,600x600,fake,hard,1,1,1,1
255,data\real_and_fake_face\training_fake\hard_113_0011.jpg,600x600,fake,hard,0,0,1,1
256,data\real_and_fake_face\training_fake\hard_114_1111.jpg,600x600,fake,hard,1,1,1,1
257,data\real_and_fake_face\training_fake\hard_115_1110.jpg,600x600,fake,hard,1,1,1,0
258,data\real_and_fake_face\training_fake\hard_116_1101.jpg,600x600,fake,hard,1,1,0,1
259,data\real_and_fake_face\training_fake\hard_117_1110.jpg,600x600,fake,hard,1,1,1,0
260,data\real_and_fake_face\training_fake\hard_118_0111.jpg,600x600,fake,hard,0,1,1,1
261,data\real_and_fake_face\training_fake\hard_119_1100.jpg,600x600,fake,hard,1,1,0,0
262,data\real_and_fake_face\training_fake\hard_11_1100.jpg,600x600,fake,hard,1,1,0,0
263,data\real_and_fake_face\training_fake\hard_120_0011.jpg,600x600,fake,hard,0,0,1,1
264,data\real_and_fake_face\training_fake\hard_121_1100.jpg,600x600,fake,hard,1,1,0,0
265,data\real_and_fake_face\training_fake\hard_122_1100.jpg,600x600,fake,hard,1,1,0,0
266,data\real_and_fake_face\training_fake\hard_123_1111.jpg,600x600,fake,hard,1,1,1,1
267,data\real_and_fake_face\training_fake\hard_124_1100.jpg,600x600,fake,hard,1,1,0,0
268,data\real_and_fake_face\training_fake\hard_125_1100.jpg,600x600,fake,hard,1,1,0,0
269,data\real_and_fake_face\training_fake\hard_126_0111.jpg,600x600,fake,hard,0,1,1,1
270,data\real_and_fake_face\training_fake\hard_127_0011.jpg,600x600,fake,hard,0,0,1,1
271,data\real_and_fake_face\training_fake\hard_128_1111.jpg,600x600,fake,hard,1,1,1,1
272,data\real_and_fake_face\training_fake\hard_129_1111.jpg,600x600,fake,hard,1,1,1,1
273,data\real_and_fake_face\training_fake\hard_12_1101.jpg,600x600,fake,hard,1,1,0,1
274,data\real_and_fake_face\training_fake\hard_130_1111.jpg,600x600,fake,hard,1,1,1,1
275,data\real_and_fake_face\training_fake\hard_131_1000.jpg,600x600,fake,hard,1,0,0,0
276,data\real_and_fake_face\training_fake\hard_132_0111.jpg,600x600,fake,hard,0,1,1,1
277,data\real_and_fake_face\training_fake\hard_133_0001.jpg,600x600,fake,hard,0,0,0,1
278,data\real_and_fake_face\training_fake\hard_134_1100.jpg,600x600,fake,hard,1,1,0,0
279,data\real_and_fake_face\training_fake\hard_135_1101.jpg,600x600,fake,hard,1,1,0,1
280,data\real_and_fake_face\training_fake\hard_136_1101.jpg,600x600,fake,hard,1,1,0,1
281,data\real_and_fake_face\training_fake\hard_137_1001.jpg,600x600,fake,hard,1,0,0,1
282,data\real_and_fake_face\training_fake\hard_138_1101.jpg,600x600,fake,hard,1,1,0,1
283,data\real_and_fake_face\training_fake\hard_139_1011.jpg,600x600,fake,hard,1,0,1,1
284,data\real_and_fake_face\training_fake\hard_13_1111.jpg,600x600,fake,hard,1,1,1,1
285,data\real_and_fake_face\training_fake\hard_140_1111.jpg,600x600,fake,hard,1,1,1,1
286,data\real_and_fake_face\training_fake\hard_141_0100.jpg,600x600,fake,hard,0,1,0,0
287,data\real_and_fake_face\training_fake\hard_142_1110.jpg,600x600,fake,hard,1,1,1,0
288,data\real_and_fake_face\training_fake\hard_143_0100.jpg,600x600,fake,hard,0,1,0,0
289,data\real_and_fake_face\training_fake\hard_144_0011.jpg,600x600,fake,hard,0,0,1,1
290,data\real_and_fake_face\training_fake\hard_145_1100.jpg,600x600,fake,hard,1,1,0,0
291,data\real_and_fake_face\training_fake\hard_146_0110.jpg,600x600,fake,hard,0,1,1,0
292,data\real_and_fake_face\training_fake\hard_147_1111.jpg,600x600,fake,hard,1,1,1,1
293,data\real_and_fake_face\training_fake\hard_148_1010.jpg,600x600,fake,hard,1,0,1,0
294,data\real_and_fake_face\training_fake\hard_149_0011.jpg,600x600,fake,hard,0,0,1,1
295,data\real_and_fake_face\training_fake\hard_14_1111.jpg,600x600,fake,hard,1,1,1,1
296,data\real_and_fake_face\training_fake\hard_150_1000.jpg,600x600,fake,hard,1,0,0,0
297,data\real_and_fake_face\training_fake\hard_151_0101.jpg,600x600,fake,hard,0,1,0,1
298,data\real_and_fake_face\training_fake\hard_152_0111.jpg,600x600,fake,hard,0,1,1,1
299,data\real_and_fake_face\training_fake\hard_153_1011.jpg,600x600,fake,hard,1,0,1,1
300,data\real_and_fake_face\training_fake\hard_154_1100.jpg,600x600,fake,hard,1,1,0,0
301,data\real_and_fake_face\training_fake\hard_155_0010.jpg,600x600,fake,hard,0,0,1,0
302,data\real_and_fake_face\training_fake\hard_156_1111.jpg,600x600,fake,hard,1,1,1,1
303,data\real_and_fake_face\training_fake\hard_157_1111.jpg,600x600,fake,hard,1,1,1,1
304,data\real_and_fake_face\training_fake\hard_158_0011.jpg,600x600,fake,hard,0,0,1,1
305,data\real_and_fake_face\training_fake\hard_159_0100.jpg,600x600,fake,hard,0,1,0,0
306,data\real_and_fake_face\training_fake\hard_15_1111.jpg,600x600,fake,hard,1,1,1,1
307,data\real_and_fake_face\training_fake\hard_160_1111.jpg,600x600,fake,hard,1,1,1,1
308,data\real_and_fake_face\training_fake\hard_161_1100.jpg,600x600,fake,hard,1,1,0,0
309,data\real_and_fake_face\training_fake\hard_162_0010.jpg,600x600,fake,hard,0,0,1,0
310,data\real_and_fake_face\training_fake\hard_163_0011.jpg,600x600,fake,hard,0,0,1,1
311,data\real_and_fake_face\training_fake\hard_164_1000.jpg,600x600,fake,hard,1,0,0,0
312,data\real_and_fake_face\training_fake\hard_165_1000.jpg,600x600,fake,hard,1,0,0,0
313,data\real_and_fake_face\training_fake\hard_166_1110.jpg,600x600,fake,hard,1,1,1,0
314,data\real_and_fake_face\training_fake\hard_167_0011.jpg,600x600,fake,hard,0,0,1,1
315,data\real_and_fake_face\training_fake\hard_168_0011.jpg,600x600,fake,hard,0,0,1,1
316,data\real_and_fake_face\training_fake\hard_169_0111.jpg,600x600,fake,hard,0,1,1,1
317,data\real_and_fake_face\training_fake\hard_16_1111.jpg,600x600,fake,hard,1,1,1,1
318,data\real_and_fake_face\training_fake\hard_170_0111.jpg,600x600,fake,hard,0,1,1,1
319,data\real_and_fake_face\training_fake\hard_171_1101.jpg,600x600,fake,hard,1,1,0,1
320,data\real_and_fake_face\training_fake\hard_172_1100.jpg,600x600,fake,hard,1,1,0,0
321,data\real_and_fake_face\training_fake\hard_173_1110.jpg,600x600,fake,hard,1,1,1,0
322,data\real_and_fake_face\training_fake\hard_174_1111.jpg,600x600,fake,hard,1,1,1,1
323,data\real_and_fake_face\training_fake\hard_175_1100.jpg,600x600,fake,hard,1,1,0,0
324,data\real_and_fake_face\training_fake\hard_176_0011.jpg,600x600,fake,hard,0,0,1,1
325,data\real_and_fake_face\training_fake\hard_177_1011.jpg,600x600,fake,hard,1,0,1,1
326,data\real_and_fake_face\training_fake\hard_178_1001.jpg,600x600,fake,hard,1,0,0,1
327,data\real_and_fake_face\training_fake\hard_179_1111.jpg,600x600,fake,hard,1,1,1,1
328,data\real_and_fake_face\training_fake\hard_17_1010.jpg,600x600,fake,hard,1,0,1,0
329,data\real_and_fake_face\training_fake\hard_180_0011.jpg,600x600,fake,hard,0,0,1,1
330,data\real_and_fake_face\training_fake\hard_181_0001.jpg,600x600,fake,hard,0,0,0,1
331,data\real_and_fake_face\training_fake\hard_182_0011.jpg,600x600,fake,hard,0,0,1,1
332,data\real_and_fake_face\training_fake\hard_183_1101.jpg,600x600,fake,hard,1,1,0,1
333,data\real_and_fake_face\training_fake\hard_184_0011.jpg,600x600,fake,hard,0,0,1,1
334,data\real_and_fake_face\training_fake\hard_185_1100.jpg,600x600,fake,hard,1,1,0,0
335,data\real_and_fake_face\training_fake\hard_186_0011.jpg,600x600,fake,hard,0,0,1,1
336,data\real_and_fake_face\training_fake\hard_187_0100.jpg,600x600,fake,hard,0,1,0,0
337,data\real_and_fake_face\training_fake\hard_188_0100.jpg,600x600,fake,hard,0,1,0,0
338,data\real_and_fake_face\training_fake\hard_189_0011.jpg,600x600,fake,hard,0,0,1,1
339,data\real_and_fake_face\training_fake\hard_18_1111.jpg,600x600,fake,hard,1,1,1,1
340,data\real_and_fake_face\training_fake\hard_190_1111.jpg,600x600,fake,hard,1,1,1,1
341,data\real_and_fake_face\training_fake\hard_191_0011.jpg,600x600,fake,hard,0,0,1,1
342,data\real_and_fake_face\training_fake\hard_192_1111.jpg,600x600,fake,hard,1,1,1,1
343,data\real_and_fake_face\training_fake\hard_193_1111.jpg,600x600,fake,hard,1,1,1,1
344,data\real_and_fake_face\training_fake\hard_194_0110.jpg,600x600,fake,hard,0,1,1,0
345,data\real_and_fake_face\training_fake\hard_195_1000.jpg,600x600,fake,hard,1,0,0,0
346,data\real_and_fake_face\training_fake\hard_196_1101.jpg,600x600,fake,hard,1,1,0,1
347,data\real_and_fake_face\training_fake\hard_197_1100.jpg,600x600,fake,hard,1,1,0,0
348,data\real_and_fake_face\training_fake\hard_198_1100.jpg,600x600,fake,hard,1,1,0,0
349,data\real_and_fake_face\training_fake\hard_199_0011.jpg,600x600,fake,hard,0,0,1,1
350,data\real_and_fake_face\training_fake\hard_19_1111.jpg,600x600,fake,hard,1,1,1,1
351,data\real_and_fake_face\training_fake\hard_1_1111.jpg,600x600,fake,hard,1,1,1,1
352,data\real_and_fake_face\training_fake\hard_200_1111.jpg,600x600,fake,hard,1,1,1,1
353,data\real_and_fake_face\training_fake\hard_201_0100.jpg,600x600,fake,hard,0,1,0,0
354,data\real_and_fake_face\training_fake\hard_202_1101.jpg,600x600,fake,hard,1,1,0,1
355,data\real_and_fake_face\training_fake\hard_203_0010.jpg,600x600,fake,hard,0,0,1,0
356,data\real_and_fake_face\training_fake\hard_204_0011.jpg,600x600,fake,hard,0,0,1,1
357,data\real_and_fake_face\training_fake\hard_205_0011.jpg,600x600,fake,hard,0,0,1,1
358,data\real_and_fake_face\training_fake\hard_206_0001.jpg,600x600,fake,hard,0,0,0,1
359,data\real_and_fake_face\training_fake\hard_207_1100.jpg,600x600,fake,hard,1,1,0,0
360,data\real_and_fake_face\training_fake\hard_208_0001.jpg,600x600,fake,hard,0,0,0,1
361,data\real_and_fake_face\training_fake\hard_209_1011.jpg,600x600,fake,hard,1,0,1,1
362,data\real_and_fake_face\training_fake\hard_20_1111.jpg,600x600,fake,hard,1,1,1,1
363,data\real_and_fake_face\training_fake\hard_210_1100.jpg,600x600,fake,hard,1,1,0,0
364,data\real_and_fake_face\training_fake\hard_211_0110.jpg,600x600,fake,hard,0,1,1,0
365,data\real_and_fake_face\training_fake\hard_212_1101.jpg,600x600,fake,hard,1,1,0,1
366,data\real_and_fake_face\training_fake\hard_213_0101.jpg,600x600,fake,hard,0,1,0,1
367,data\real_and_fake_face\training_fake\hard_214_1011.jpg,600x600,fake,hard,1,0,1,1
368,data\real_and_fake_face\training_fake\hard_215_1101.jpg,600x600,fake,hard,1,1,0,1
369,data\real_and_fake_face\training_fake\hard_216_0111.jpg,600x600,fake,hard,0,1,1,1
370,data\real_and_fake_face\training_fake\hard_217_1100.jpg,600x600,fake,hard,1,1,0,0
371,data\real_and_fake_face\training_fake\hard_218_0100.jpg,600x600,fake,hard,0,1,0,0
372,data\real_and_fake_face\training_fake\hard_219_1101.jpg,600x600,fake,hard,1,1,0,1
373,data\real_and_fake_face\training_fake\hard_21_1101.jpg,600x600,fake,hard,1,1,0,1
374,data\real_and_fake_face\training_fake\hard_220_1111.jpg,600x600,fake,hard,1,1,1,1
375,data\real_and_fake_face\training_fake\hard_221_0101.jpg,600x600,fake,hard,0,1,0,1
376,data\real_and_fake_face\training_fake\hard_222_1001.jpg,600x600,fake,hard,1,0,0,1
377,data\real_and_fake_face\training_fake\hard_223_1111.jpg,600x600,fake,hard,1,1,1,1
378,data\real_and_fake_face\training_fake\hard_224_0111.jpg,600x600,fake,hard,0,1,1,1
379,data\real_and_fake_face\training_fake\hard_225_0011.jpg,600x600,fake,hard,0,0,1,1
380,data\real_and_fake_face\training_fake\hard_226_0100.jpg,600x600,fake,hard,0,1,0,0
381,data\real_and_fake_face\training_fake\hard_227_1100.jpg,600x600,fake,hard,1,1,0,0
382,data\real_and_fake_face\training_fake\hard_228_1111.jpg,600x600,fake,hard,1,1,1,1
383,data\real_and_fake_face\training_fake\hard_229_0100.jpg,600x600,fake,hard,0,1,0,0
384,data\real_and_fake_face\training_fake\hard_22_1111.jpg,600x600,fake,hard,1,1,1,1
385,data\real_and_fake_face\training_fake\hard_230_1110.jpg,600x600,fake,hard,1,1,1,0
386,data\real_and_fake_face\training_fake\hard_231_1111.jpg,600x600,fake,hard,1,1,1,1
387,data\real_and_fake_face\training_fake\hard_232_0001.jpg,600x600,fake,hard,0,0,0,1
388,data\real_and_fake_face\training_fake\hard_233_0010.jpg,600x600,fake,hard,0,0,1,0
389,data\real_and_fake_face\training_fake\hard_234_1100.jpg,600x600,fake,hard,1,1,0,0
390,data\real_and_fake_face\training_fake\hard_235_0001.jpg,600x600,fake,hard,0,0,0,1
391,data\real_and_fake_face\training_fake\hard_236_1001.jpg,600x600,fake,hard,1,0,0,1
392,data\real_and_fake_face\training_fake\hard_237_0010.jpg,600x600,fake,hard,0,0,1,0
393,data\real_and_fake_face\training_fake\hard_238_1000.jpg,600x600,fake,hard,1,0,0,0
394,data\real_and_fake_face\training_fake\hard_239_1000.jpg,600x600,fake,hard,1,0,0,0
395,data\real_and_fake_face\training_fake\hard_23_1110.jpg,600x600,fake,hard,1,1,1,0
396,data\real_and_fake_face\training_fake\hard_240_1101.jpg,600x600,fake,hard,1,1,0,1
397,data\real_and_fake_face\training_fake\hard_24_1100.jpg,600x600,fake,hard,1,1,0,0
398,data\real_and_fake_face\training_fake\hard_25_1111.jpg,600x600,fake,hard,1,1,1,1
399,data\real_and_fake_face\training_fake\hard_26_0011.jpg,600x600,fake,hard,0,0,1,1
400,data\real_and_fake_face\training_fake\hard_27_1111.jpg,600x600,fake,hard,1,1,1,1
401,data\real_and_fake_face\training_fake\hard_28_1111.jpg,600x600,fake,hard,1,1,1,1
402,data\real_and_fake_face\training_fake\hard_29_1111.jpg,600x600,fake,hard,1,1,1,1
403,data\real_and_fake_face\training_fake\hard_2_1111.jpg,600x600,fake,hard,1,1,1,1
404,data\real_and_fake_face\training_fake\hard_30_1101.jpg,600x600,fake,hard,1,1,0,1
405,data\real_and_fake_face\training_fake\hard_31_0011.jpg,600x600,fake,hard,0,0,1,1
406,data\real_and_fake_face\training_fake\hard_32_1111.jpg,600x600,fake,hard,1,1,1,1
407,data\real_and_fake_face\training_fake\hard_33_1011.jpg,600x600,fake,hard,1,0,1,1
408,data\real_and_fake_face\training_fake\hard_34_1111.jpg,600x600,fake,hard,1,1,1,1
409,data\real_and_fake_face\training_fake\hard_35_1111.jpg,600x600,fake,hard,1,1,1,1
410,data\real_and_fake_face\training_fake\hard_36_1101.jpg,600x600,fake,hard,1,1,0,1
411,data\real_and_fake_face\training_fake\hard_37_1111.jpg,600x600,fake,hard,1,1,1,1
412,data\real_and_fake_face\training_fake\hard_38_1110.jpg,600x600,fake,hard,1,1,1,0
413,data\real_and_fake_face\training_fake\hard_39_1111.jpg,600x600,fake,hard,1,1,1,1
414,data\real_and_fake_face\training_fake\hard_3_1111.jpg,600x600,fake,hard,1,1,1,1
415,data\real_and_fake_face\training_fake\hard_40_1111.jpg,600x600,fake,hard,1,1,1,1
416,data\real_and_fake_face\training_fake\hard_41_1111.jpg,600x600,fake,hard,1,1,1,1
417,data\real_and_fake_face\training_fake\hard_42_1111.jpg,600x600,fake,hard,1,1,1,1
418,data\real_and_fake_face\training_fake\hard_43_1111.jpg,600x600,fake,hard,1,1,1,1
419,data\real_and_fake_face\training_fake\hard_44_1111.jpg,600x600,fake,hard,1,1,1,1
420,data\real_and_fake_face\training_fake\hard_45_1111.jpg,600x600,fake,hard,1,1,1,1
421,data\real_and_fake_face\training_fake\hard_46_0011.jpg,600x600,fake,hard,0,0,1,1
422,data\real_and_fake_face\training_fake\hard_47_1100.jpg,600x600,fake,hard,1,1,0,0
423,data\real_and_fake_face\training_fake\hard_48_0011.jpg,600x600,fake,hard,0,0,1,1
424,data\real_and_fake_face\training_fake\hard_49_0010.jpg,600x600,fake,hard,0,0,1,0
425,data\real_and_fake_face\training_fake\hard_4_1111.jpg,600x600,fake,hard,1,1,1,1
426,data\real_and_fake_face\training_fake\hard_50_1101.jpg,600x600,fake,hard,1,1,0,1
427,data\real_and_fake_face\training_fake\hard_51_1111.jpg,600x600,fake,hard,1,1,1,1
428,data\real_and_fake_face\training_fake\hard_52_1111.jpg,600x600,fake,hard,1,1,1,1
429,data\real_and_fake_face\training_fake\hard_53_1100.jpg,600x600,fake,hard,1,1,0,0
430,data\real_and_fake_face\training_fake\hard_54_0001.jpg,600x600,fake,hard,0,0,0,1
431,data\real_and_fake_face\training_fake\hard_55_0011.jpg,600x600,fake,hard,0,0,1,1
432,data\real_and_fake_face\training_fake\hard_56_0100.jpg,600x600,fake,hard,0,1,0,0
433,data\real_and_fake_face\training_fake\hard_57_0110.jpg,600x600,fake,hard,0,1,1,0
434,data\real_and_fake_face\training_fake\hard_58_0001.jpg,600x600,fake,hard,0,0,0,1
435,data\real_and_fake_face\training_fake\hard_59_1110.jpg,600x600,fake,hard,1,1,1,0
436,data\real_and_fake_face\training_fake\hard_5_1111.jpg,600x600,fake,hard,1,1,1,1
437,data\real_and_fake_face\training_fake\hard_60_1111.jpg,600x600,fake,hard,1,1,1,1
438,data\real_and_fake_face\training_fake\hard_61_0011.jpg,600x600,fake,hard,0,0,1,1
439,data\real_and_fake_face\training_fake\hard_62_1010.jpg,600x600,fake,hard,1,0,1,0
440,data\real_and_fake_face\training_fake\hard_63_1101.jpg,600x600,fake,hard,1,1,0,1
441,data\real_and_fake_face\training_fake\hard_64_0010.jpg,600x600,fake,hard,0,0,1,0
442,data\real_and_fake_face\training_fake\hard_65_0101.jpg,600x600,fake,hard,0,1,0,1
443,data\real_and_fake_face\training_fake\hard_66_1111.jpg,600x600,fake,hard,1,1,1,1
444,data\real_and_fake_face\training_fake\hard_67_0001.jpg,600x600,fake,hard,0,0,0,1
445,data\real_and_fake_face\training_fake\hard_68_1100.jpg,600x600,fake,hard,1,1,0,0
446,data\real_and_fake_face\training_fake\hard_69_0011.jpg,600x600,fake,hard,0,0,1,1
447,data\real_and_fake_face\training_fake\hard_6_1110.jpg,600x600,fake,hard,1,1,1,0
448,data\real_and_fake_face\training_fake\hard_70_1100.jpg,600x600,fake,hard,1,1,0,0
449,data\real_and_fake_face\training_fake\hard_71_1100.jpg,600x600,fake,hard,1,1,0,0
450,data\real_and_fake_face\training_fake\hard_72_1100.jpg,600x600,fake,hard,1,1,0,0
451,data\real_and_fake_face\training_fake\hard_73_0011.jpg,600x600,fake,hard,0,0,1,1
452,data\real_and_fake_face\training_fake\hard_74_0011.jpg,600x600,fake,hard,0,0,1,1
453,data\real_and_fake_face\training_fake\hard_75_0011.jpg,600x600,fake,hard,0,0,1,1
454,data\real_and_fake_face\training_fake\hard_76_1100.jpg,600x600,fake,hard,1,1,0,0
455,data\real_and_fake_face\training_fake\hard_77_1100.jpg,600x600,fake,hard,1,1,0,0
456,data\real_and_fake_face\training_fake\hard_78_1101.jpg,600x600,fake,hard,1,1,0,1
457,data\real_and_fake_face\training_fake\hard_79_1110.jpg,600x600,fake,hard,1,1,1,0
458,data\real_and_fake_face\training_fake\hard_7_1111.jpg,600x600,fake,hard,1,1,1,1
459,data\real_and_fake_face\training_fake\hard_80_0100.jpg,600x600,fake,hard,0,1,0,0
460,data\real_and_fake_face\training_fake\hard_81_1101.jpg,600x600,fake,hard,1,1,0,1
461,data\real_and_fake_face\training_fake\hard_82_0011.jpg,600x600,fake,hard,0,0,1,1
462,data\real_and_fake_face\training_fake\hard_83_1111.jpg,600x600,fake,hard,1,1,1,1
463,data\real_and_fake_face\training_fake\hard_84_0011.jpg,600x600,fake,hard,0,0,1,1
464,data\real_and_fake_face\training_fake\hard_85_1111.jpg,600x600,fake,hard,1,1,1,1
465,data\real_and_fake_face\training_fake\hard_86_1100.jpg,600x600,fake,hard,1,1,0,0
466,data\real_and_fake_face\training_fake\hard_87_1111.jpg,600x600,fake,hard,1,1,1,1
467,data\real_and_fake_face\training_fake\hard_88_1111.jpg,600x600,fake,hard,1,1,1,1
468,data\real_and_fake_face\training_fake\hard_89_1110.jpg,600x600,fake,hard,1,1,1,0
469,data\real_and_fake_face\training_fake\hard_8_1000.jpg,600x600,fake,hard,1,0,0,0
470,data\real_and_fake_face\training_fake\hard_90_1100.jpg,600x600,fake,hard,1,1,0,0
471,data\real_and_fake_face\training_fake\hard_91_1100.jpg,600x600,fake,hard,1,1,0,0
472,data\real_and_fake_face\training_fake\hard_92_1001.jpg,600x600,fake,hard,1,0,0,1
473,data\real_and_fake_face\training_fake\hard_93_1111.jpg,600x600,fake,hard,1,1,1,1
474,data\real_and_fake_face\training_fake\hard_94_1111.jpg,600x600,fake,hard,1,1,1,1
475,data\real_and_fake_face\training_fake\hard_95_0001.jpg,600x600,fake,hard,0,0,0,1
476,data\real_and_fake_face\training_fake\hard_96_1110.jpg,600x600,fake,hard,1,1,1,0
477,data\real_and_fake_face\training_fake\hard_97_1001.jpg,600x600,fake,hard,1,0,0,1
478,data\real_and_fake_face\training_fake\hard_98_1101.jpg,600x600,fake,hard,1,1,0,1
479,data\real_and_fake_face\training_fake\hard_99_1111.jpg,600x600,fake,hard,1,1,1,1
480,data\real_and_fake_face\training_fake\hard_9_1111.jpg,600x600,fake,hard,1,1,1,1
481,data\real_and_fake_face\training_fake\mid_100_1110.jpg,600x600,fake,mid,1,1,1,0
482,data\real_and_fake_face\training_fake\mid_101_1111.jpg,600x600,fake,mid,1,1,1,1
483,data\real_and_fake_face\training_fake\mid_102_1100.jpg,600x600,fake,mid,1,1,0,0
484,data\real_and_fake_face\training_fake\mid_103_1111.jpg,600x600,fake,mid,1,1,1,1
485,data\real_and_fake_face\training_fake\mid_104_1100.jpg,600x600,fake,mid,1,1,0,0
486,data\real_and_fake_face\training_fake\mid_105_1101.jpg,600x600,fake,mid,1,1,0,1
487,data\real_and_fake_face\training_fake\mid_106_0001.jpg,600x600,fake,mid,0,0,0,1
488,data\real_and_fake_face\training_fake\mid_107_0010.jpg,600x600,fake,mid,0,0,1,0
489,data\real_and_fake_face\training_fake\mid_108_1110.jpg,600x600,fake,mid,1,1,1,0
490,data\real_and_fake_face\training_fake\mid_109_1111.jpg,600x600,fake,mid,1,1,1,1
491,data\real_and_fake_face\training_fake\mid_10_1111.jpg,600x600,fake,mid,1,1,1,1
492,data\real_and_fake_face\training_fake\mid_110_1100.jpg,600x600,fake,mid,1,1,0,0
493,data\real_and_fake_face\training_fake\mid_111_0001.jpg,600x600,fake,mid,0,0,0,1
494,data\real_and_fake_face\training_fake\mid_112_0001.jpg,600x600,fake,mid,0,0,0,1
495,data\real_and_fake_face\training_fake\mid_113_1100.jpg,600x600,fake,mid,1,1,0,0
496,data\real_and_fake_face\training_fake\mid_114_1110.jpg,600x600,fake,mid,1,1,1,0
497,data\real_and_fake_face\training_fake\mid_115_0011.jpg,600x600,fake,mid,0,0,1,1
498,data\real_and_fake_face\training_fake\mid_116_1111.jpg,600x600,fake,mid,1,1,1,1
499,data\real_and_fake_face\training_fake\mid_117_1111.jpg,600x600,fake,mid,1,1,1,1
500,data\real_and_fake_face\training_fake\mid_118_1000.jpg,600x600,fake,mid,1,0,0,0
501,data\real_and_fake_face\training_fake\mid_119_1111.jpg,600x600,fake,mid,1,1,1,1
502,data\real_and_fake_face\training_fake\mid_11_1100.jpg,600x600,fake,mid,1,1,0,0
503,data\real_and_fake_face\training_fake\mid_120_1100.jpg,600x600,fake,mid,1,1,0,0
504,data\real_and_fake_face\training_fake\mid_121_1110.jpg,600x600,fake,mid,1,1,1,0
505,data\real_and_fake_face\training_fake\mid_122_1100.jpg,600x600,fake,mid,1,1,0,0
506,data\real_and_fake_face\training_fake\mid_123_1111.jpg,600x600,fake,mid,1,1,1,1
507,data\real_and_fake_face\training_fake\mid_124_1110.jpg,600x600,fake,mid,1,1,1,0
508,data\real_and_fake_face\training_fake\mid_125_1111.jpg,600x600,fake,mid,1,1,1,1
509,data\real_and_fake_face\training_fake\mid_126_1110.jpg,600x600,fake,mid,1,1,1,0
510,data\real_and_fake_face\training_fake\mid_127_0011.jpg,600x600,fake,mid,0,0,1,1
511,data\real_and_fake_face\training_fake\mid_128_1110.jpg,600x600,fake,mid,1,1,1,0
512,data\real_and_fake_face\training_fake\mid_129_0101.jpg,600x600,fake,mid,0,1,0,1
513,data\real_and_fake_face\training_fake\mid_12_1111.jpg,600x600,fake,mid,1,1,1,1
514,data\real_and_fake_face\training_fake\mid_130_1111.jpg,600x600,fake,mid,1,1,1,1
515,data\real_and_fake_face\training_fake\mid_131_1111.jpg,600x600,fake,mid,1,1,1,1
516,data\real_and_fake_face\training_fake\mid_132_0001.jpg,600x600,fake,mid,0,0,0,1
517,data\real_and_fake_face\training_fake\mid_133_1001.jpg,600x600,fake,mid,1,0,0,1
518,data\real_and_fake_face\training_fake\mid_134_1010.jpg,600x600,fake,mid,1,0,1,0
519,data\real_and_fake_face\training_fake\mid_135_1110.jpg,600x600,fake,mid,1,1,1,0
520,data\real_and_fake_face\training_fake\mid_136_0001.jpg,600x600,fake,mid,0,0,0,1
521,data\real_and_fake_face\training_fake\mid_137_1011.jpg,600x600,fake,mid,1,0,1,1
522,data\real_and_fake_face\training_fake\mid_138_0011.jpg,600x600,fake,mid,0,0,1,1
523,data\real_and_fake_face\training_fake\mid_139_1111.jpg,600x600,fake,mid,1,1,1,1
524,data\real_and_fake_face\training_fake\mid_13_1111.jpg,600x600,fake,mid,1,1,1,1
525,data\real_and_fake_face\training_fake\mid_140_1111.jpg,600x600,fake,mid,1,1,1,1
526,data\real_and_fake_face\training_fake\mid_141_1110.jpg,600x600,fake,mid,1,1,1,0
527,data\real_and_fake_face\training_fake\mid_142_1100.jpg,600x600,fake,mid,1,1,0,0
528,data\real_and_fake_face\training_fake\mid_143_1100.jpg,600x600,fake,mid,1,1,0,0
529,data\real_and_fake_face\training_fake\mid_144_1110.jpg,600x600,fake,mid,1,1,1,0
530,data\real_and_fake_face\training_fake\mid_145_1111.jpg,600x600,fake,mid,1,1,1,1
531,data\real_and_fake_face\training_fake\mid_146_1111.jpg,600x600,fake,mid,1,1,1,1
532,data\real_and_fake_face\training_fake\mid_147_1110.jpg,600x600,fake,mid,1,1,1,0
533,data\real_and_fake_face\training_fake\mid_148_0001.jpg,600x600,fake,mid,0,0,0,1
534,data\real_and_fake_face\training_fake\mid_149_0011.jpg,600x600,fake,mid,0,0,1,1
535,data\real_and_fake_face\training_fake\mid_14_1101.jpg,600x600,fake,mid,1,1,0,1
536,data\real_and_fake_face\training_fake\mid_150_1111.jpg,600x600,fake,mid,1,1,1,1
537,data\real_and_fake_face\training_fake\mid_151_1100.jpg,600x600,fake,mid,1,1,0,0
538,data\real_and_fake_face\training_fake\mid_152_1100.jpg,600x600,fake,mid,1,1,0,0
539,data\real_and_fake_face\training_fake\mid_153_1111.jpg,600x600,fake,mid,1,1,1,1
540,data\real_and_fake_face\training_fake\mid_154_1111.jpg,600x600,fake,mid,1,1,1,1
541,data\real_and_fake_face\training_fake\mid_155_1100.jpg,600x600,fake,mid,1,1,0,0
542,data\real_and_fake_face\training_fake\mid_156_1111.jpg,600x600,fake,mid,1,1,1,1
543,data\real_and_fake_face\training_fake\mid_157_1111.jpg,600x600,fake,mid,1,1,1,1
544,data\real_and_fake_face\training_fake\mid_158_1010.jpg,600x600,fake,mid,1,0,1,0
545,data\real_and_fake_face\training_fake\mid_159_1111.jpg,600x600,fake,mid,1,1,1,1
546,data\real_and_fake_face\training_fake\mid_15_1111.jpg,600x600,fake,mid,1,1,1,1
547,data\real_and_fake_face\training_fake\mid_160_1110.jpg,600x600,fake,mid,1,1,1,0
548,data\real_and_fake_face\training_fake\mid_161_0110.jpg,600x600,fake,mid,0,1,1,0
549,data\real_and_fake_face\training_fake\mid_162_0011.jpg,600x600,fake,mid,0,0,1,1
550,data\real_and_fake_face\training_fake\mid_163_1001.jpg,600x600,fake,mid,1,0,0,1
551,data\real_and_fake_face\training_fake\mid_164_0011.jpg,600x600,fake,mid,0,0,1,1
552,data\real_and_fake_face\training_fake\mid_165_0101.jpg,600x600,fake,mid,0,1,0,1
553,data\real_and_fake_face\training_fake\mid_166_1100.jpg,600x600,fake,mid,1,1,0,0
554,data\real_and_fake_face\training_fake\mid_167_1100.jpg,600x600,fake,mid,1,1,0,0
555,data\real_and_fake_face\training_fake\mid_168_1111.jpg,600x600,fake,mid,1,1,1,1
556,data\real_and_fake_face\training_fake\mid_169_0001.jpg,600x600,fake,mid,0,0,0,1
557,data\real_and_fake_face\training_fake\mid_16_1111.jpg,600x600,fake,mid,1,1,1,1
558,data\real_and_fake_face\training_fake\mid_170_1111.jpg,600x600,fake,mid,1,1,1,1
559,data\real_and_fake_face\training_fake\mid_171_1100.jpg,600x600,fake,mid,1,1,0,0
560,data\real_and_fake_face\training_fake\mid_172_1111.jpg,600x600,fake,mid,1,1,1,1
561,data\real_and_fake_face\training_fake\mid_173_1110.jpg,600x600,fake,mid,1,1,1,0
562,data\real_and_fake_face\training_fake\mid_174_1111.jpg,600x600,fake,mid,1,1,1,1
563,data\real_and_fake_face\training_fake\mid_175_1111.jpg,600x600,fake,mid,1,1,1,1
564,data\real_and_fake_face\training_fake\mid_176_1111.jpg,600x600,fake,mid,1,1,1,1
565,data\real_and_fake_face\training_fake\mid_177_1111.jpg,600x600,fake,mid,1,1,1,1
566,data\real_and_fake_face\training_fake\mid_178_1111.jpg,600x600,fake,mid,1,1,1,1
567,data\real_and_fake_face\training_fake\mid_179_1111.jpg,600x600,fake,mid,1,1,1,1
568,data\real_and_fake_face\training_fake\mid_17_1111.jpg,600x600,fake,mid,1,1,1,1
569,data\real_and_fake_face\training_fake\mid_180_1110.jpg,600x600,fake,mid,1,1,1,0
570,data\real_and_fake_face\training_fake\mid_181_0011.jpg,600x600,fake,mid,0,0,1,1
571,data\real_and_fake_face\training_fake\mid_182_1111.jpg,600x600,fake,mid,1,1,1,1
572,data\real_and_fake_face\training_fake\mid_183_1111.jpg,600x600,fake,mid,1,1,1,1
573,data\real_and_fake_face\training_fake\mid_184_1101.jpg,600x600,fake,mid,1,1,0,1
574,data\real_and_fake_face\training_fake\mid_185_1110.jpg,600x600,fake,mid,1,1,1,0
575,data\real_and_fake_face\training_fake\mid_186_1100.jpg,600x600,fake,mid,1,1,0,0
576,data\real_and_fake_face\training_fake\mid_187_1101.jpg,600x600,fake,mid,1,1,0,1
577,data\real_and_fake_face\training_fake\mid_188_1111.jpg,600x600,fake,mid,1,1,1,1
578,data\real_and_fake_face\training_fake\mid_189_0011.jpg,600x600,fake,mid,0,0,1,1
579,data\real_and_fake_face\training_fake\mid_18_1111.jpg,600x600,fake,mid,1,1,1,1
580,data\real_and_fake_face\training_fake\mid_190_1111.jpg,600x600,fake,mid,1,1,1,1
581,data\real_and_fake_face\training_fake\mid_191_0111.jpg,600x600,fake,mid,0,1,1,1
582,data\real_and_fake_face\training_fake\mid_192_1111.jpg,600x600,fake,mid,1,1,1,1
583,data\real_and_fake_face\training_fake\mid_193_1111.jpg,600x600,fake,mid,1,1,1,1
584,data\real_and_fake_face\training_fake\mid_194_1111.jpg,600x600,fake,mid,1,1,1,1
585,data\real_and_fake_face\training_fake\mid_195_1111.jpg,600x600,fake,mid,1,1,1,1
586,data\real_and_fake_face\training_fake\mid_196_1100.jpg,600x600,fake,mid,1,1,0,0
587,data\real_and_fake_face\training_fake\mid_197_1110.jpg,600x600,fake,mid,1,1,1,0
588,data\real_and_fake_face\training_fake\mid_198_1111.jpg,600x600,fake,mid,1,1,1,1
589,data\real_and_fake_face\training_fake\mid_199_0011.jpg,600x600,fake,mid,0,0,1,1
590,data\real_and_fake_face\training_fake\mid_19_1000.jpg,600x600,fake,mid,1,0,0,0
591,data\real_and_fake_face\training_fake\mid_1_1101.jpg,600x600,fake,mid,1,1,0,1
592,data\real_and_fake_face\training_fake\mid_200_1111.jpg,600x600,fake,mid,1,1,1,1
593,data\real_and_fake_face\training_fake\mid_201_1111.jpg,600x600,fake,mid,1,1,1,1
594,data\real_and_fake_face\training_fake\mid_202_1110.jpg,600x600,fake,mid,1,1,1,0
595,data\real_and_fake_face\training_fake\mid_203_1111.jpg,600x600,fake,mid,1,1,1,1
596,data\real_and_fake_face\training_fake\mid_204_1111.jpg,600x600,fake,mid,1,1,1,1
597,data\real_and_fake_face\training_fake\mid_205_0011.jpg,600x600,fake,mid,0,0,1,1
598,data\real_and_fake_face\training_fake\mid_206_1111.jpg,600x600,fake,mid,1,1,1,1
599,data\real_and_fake_face\training_fake\mid_207_1111.jpg,600x600,fake,mid,1,1,1,1
600,data\real_and_fake_face\training_fake\mid_208_1110.jpg,600x600,fake,mid,1,1,1,0
601,data\real_and_fake_face\training_fake\mid_209_1111.jpg,600x600,fake,mid,1,1,1,1
602,data\real_and_fake_face\training_fake\mid_20_1111.jpg,600x600,fake,mid,1,1,1,1
603,data\real_and_fake_face\training_fake\mid_210_0011.jpg,600x600,fake,mid,0,0,1,1
604,data\real_and_fake_face\training_fake\mid_211_1100.jpg,600x600,fake,mid,1,1,0,0
605,data\real_and_fake_face\training_fake\mid_212_1111.jpg,600x600,fake,mid,1,1,1,1
606,data\real_and_fake_face\training_fake\mid_213_1111.jpg,600x600,fake,mid,1,1,1,1
607,data\real_and_fake_face\training_fake\mid_214_1011.jpg,600x600,fake,mid,1,0,1,1
608,data\real_and_fake_face\training_fake\mid_215_0011.jpg,600x600,fake,mid,0,0,1,1
609,data\real_and_fake_face\training_fake\mid_216_1011.jpg,600x600,fake,mid,1,0,1,1
610,data\real_and_fake_face\training_fake\mid_217_1111.jpg,600x600,fake,mid,1,1,1,1
611,data\real_and_fake_face\training_fake\mid_218_1011.jpg,600x600,fake,mid,1,0,1,1
612,data\real_and_fake_face\training_fake\mid_219_1111.jpg,600x600,fake,mid,1,1,1,1
613,data\real_and_fake_face\training_fake\mid_21_0011.jpg,600x600,fake,mid,0,0,1,1
614,data\real_and_fake_face\training_fake\mid_220_0011.jpg,600x600,fake,mid,0,0,1,1
615,data\real_and_fake_face\training_fake\mid_221_1100.jpg,600x600,fake,mid,1,1,0,0
616,data\real_and_fake_face\training_fake\mid_222_1110.jpg,600x600,fake,mid,1,1,1,0
617,data\real_and_fake_face\training_fake\mid_223_1111.jpg,600x600,fake,mid,1,1,1,1
618,data\real_and_fake_face\training_fake\mid_224_1111.jpg,600x600,fake,mid,1,1,1,1
619,data\real_and_fake_face\training_fake\mid_225_0111.jpg,600x600,fake,mid,0,1,1,1
620,data\real_and_fake_face\training_fake\mid_226_1111.jpg,600x600,fake,mid,1,1,1,1
621,data\real_and_fake_face\training_fake\mid_227_1111.jpg,600x600,fake,mid,1,1,1,1
622,data\real_and_fake_face\training_fake\mid_228_1111.jpg,600x600,fake,mid,1,1,1,1
623,data\real_and_fake_face\training_fake\mid_229_1111.jpg,600x600,fake,mid,1,1,1,1
624,data\real_and_fake_face\training_fake\mid_22_1101.jpg,600x600,fake,mid,1,1,0,1
625,data\real_and_fake_face\training_fake\mid_230_1110.jpg,600x600,fake,mid,1,1,1,0
626,data\real_and_fake_face\training_fake\mid_231_1100.jpg,600x600,fake,mid,1,1,0,0
627,data\real_and_fake_face\training_fake\mid_232_1111.jpg,600x600,fake,mid,1,1,1,1
628,data\real_and_fake_face\training_fake\mid_233_1111.jpg,600x600,fake,mid,1,1,1,1
629,data\real_and_fake_face\training_fake\mid_234_0010.jpg,600x600,fake,mid,0,0,1,0
630,data\real_and_fake_face\training_fake\mid_235_1100.jpg,600x600,fake,mid,1,1,0,0
631,data\real_and_fake_face\training_fake\mid_236_1111.jpg,600x600,fake,mid,1,1,1,1
632,data\real_and_fake_face\training_fake\mid_237_1111.jpg,600x600,fake,mid,1,1,1,1
633,data\real_and_fake_face\training_fake\mid_238_1111.jpg,600x600,fake,mid,1,1,1,1
634,data\real_and_fake_face\training_fake\mid_239_1011.jpg,600x600,fake,mid,1,0,1,1
635,data\real_and_fake_face\training_fake\mid_23_1111.jpg,600x600,fake,mid,1,1,1,1
636,data\real_and_fake_face\training_fake\mid_240_1100.jpg,600x600,fake,mid,1,1,0,0
637,data\real_and_fake_face\training_fake\mid_241_1111.jpg,600x600,fake,mid,1,1,1,1
638,data\real_and_fake_face\training_fake\mid_242_1111.jpg,600x600,fake,mid,1,1,1,1
639,data\real_and_fake_face\training_fake\mid_243_0011.jpg,600x600,fake,mid,0,0,1,1
640,data\real_and_fake_face\training_fake\mid_244_1110.jpg,600x600,fake,mid,1,1,1,0
641,data\real_and_fake_face\training_fake\mid_245_1100.jpg,600x600,fake,mid,1,1,0,0
642,data\real_and_fake_face\training_fake\mid_246_0011.jpg,600x600,fake,mid,0,0,1,1
643,data\real_and_fake_face\training_fake\mid_247_1111.jpg,600x600,fake,mid,1,1,1,1
644,data\real_and_fake_face\training_fake\mid_248_0111.jpg,600x600,fake,mid,0,1,1,1
645,data\real_and_fake_face\training_fake\mid_249_1111.jpg,600x600,fake,mid,1,1,1,1
646,data\real_and_fake_face\training_fake\mid_24_1111.jpg,600x600,fake,mid,1,1,1,1
647,data\real_and_fake_face\training_fake\mid_250_1111.jpg,600x600,fake,mid,1,1,1,1
648,data\real_and_fake_face\training_fake\mid_251_1111.jpg,600x600,fake,mid,1,1,1,1
649,data\real_and_fake_face\training_fake\mid_252_1101.jpg,600x600,fake,mid,1,1,0,1
650,data\real_and_fake_face\training_fake\mid_253_0101.jpg,600x600,fake,mid,0,1,0,1
651,data\real_and_fake_face\training_fake\mid_254_1111.jpg,600x600,fake,mid,1,1,1,1
652,data\real_and_fake_face\training_fake\mid_255_0011.jpg,600x600,fake,mid,0,0,1,1
653,data\real_and_fake_face\training_fake\mid_256_1100.jpg,600x600,fake,mid,1,1,0,0
654,data\real_and_fake_face\training_fake\mid_257_1111.jpg,600x600,fake,mid,1,1,1,1
655,data\real_and_fake_face\training_fake\mid_258_1110.jpg,600x600,fake,mid,1,1,1,0
656,data\real_and_fake_face\training_fake\mid_259_1101.jpg,600x600,fake,mid,1,1,0,1
657,data\real_and_fake_face\training_fake\mid_25_1111.jpg,600x600,fake,mid,1,1,1,1
658,data\real_and_fake_face\training_fake\mid_260_1111.jpg,600x600,fake,mid,1,1,1,1
659,data\real_and_fake_face\training_fake\mid_261_1101.jpg,600x600,fake,mid,1,1,0,1
660,data\real_and_fake_face\training_fake\mid_262_1111.jpg,600x600,fake,mid,1,1,1,1
661,data\real_and_fake_face\training_fake\mid_263_1100.jpg,600x600,fake,mid,1,1,0,0
662,data\real_and_fake_face\training_fake\mid_264_1101.jpg,600x600,fake,mid,1,1,0,1
663,data\real_and_fake_face\training_fake\mid_265_1111.jpg,600x600,fake,mid,1,1,1,1
664,data\real_and_fake_face\training_fake\mid_266_1101.jpg,600x600,fake,mid,1,1,0,1
665,data\real_and_fake_face\training_fake\mid_267_1111.jpg,600x600,fake,mid,1,1,1,1
666,data\real_and_fake_face\training_fake\mid_268_0010.jpg,600x600,fake,mid,0,0,1,0
667,data\real_and_fake_face\training_fake\mid_269_1100.jpg,600x600,fake,mid,1,1,0,0
668,data\real_and_fake_face\training_fake\mid_26_1101.jpg,600x600,fake,mid,1,1,0,1
669,data\real_and_fake_face\training_fake\mid_270_0101.jpg,600x600,fake,mid,0,1,0,1
670,data\real_and_fake_face\training_fake\mid_271_1111.jpg,600x600,fake,mid,1,1,1,1
671,data\real_and_fake_face\training_fake\mid_272_1010.jpg,600x600,fake,mid,1,0,1,0
672,data\real_and_fake_face\training_fake\mid_273_1101.jpg,600x600,fake,mid,1,1,0,1
673,data\real_and_fake_face\training_fake\mid_274_1100.jpg,600x600,fake,mid,1,1,0,0
674,data\real_and_fake_face\training_fake\mid_275_1100.jpg,600x600,fake,mid,1,1,0,0
675,data\real_and_fake_face\training_fake\mid_276_0011.jpg,600x600,fake,mid,0,0,1,1
676,data\real_and_fake_face\training_fake\mid_277_1100.jpg,600x600,fake,mid,1,1,0,0
677,data\real_and_fake_face\training_fake\mid_278_1101.jpg,600x600,fake,mid,1,1,0,1
678,data\real_and_fake_face\training_fake\mid_279_1111.jpg,600x600,fake,mid,1,1,1,1
679,data\real_and_fake_face\training_fake\mid_27_1111.jpg,600x600,fake,mid,1,1,1,1
680,data\real_and_fake_face\training_fake\mid_280_1111.jpg,600x600,fake,mid,1,1,1,1
681,data\real_and_fake_face\training_fake\mid_281_1111.jpg,600x600,fake,mid,1,1,1,1
682,data\real_and_fake_face\training_fake\mid_282_1100.jpg,600x600,fake,mid,1,1,0,0
683,data\real_and_fake_face\training_fake\mid_283_0111.jpg,600x600,fake,mid,0,1,1,1
684,data\real_and_fake_face\training_fake\mid_284_1110.jpg,600x600,fake,mid,1,1,1,0
685,data\real_and_fake_face\training_fake\mid_285_1111.jpg,600x600,fake,mid,1,1,1,1
686,data\real_and_fake_face\training_fake\mid_286_1100.jpg,600x600,fake,mid,1,1,0,0
687,data\real_and_fake_face\training_fake\mid_287_0001.jpg,600x600,fake,mid,0,0,0,1
688,data\real_and_fake_face\training_fake\mid_288_1101.jpg,600x600,fake,mid,1,1,0,1
689,data\real_and_fake_face\training_fake\mid_289_1101.jpg,600x600,fake,mid,1,1,0,1
690,data\real_and_fake_face\training_fake\mid_28_1111.jpg,600x600,fake,mid,1,1,1,1
691,data\real_and_fake_face\training_fake\mid_290_1100.jpg,600x600,fake,mid,1,1,0,0
692,data\real_and_fake_face\training_fake\mid_291_1100.jpg,600x600,fake,mid,1,1,0,0
693,data\real_and_fake_face\training_fake\mid_292_1000.jpg,600x600,fake,mid,1,0,0,0
694,data\real_and_fake_face\training_fake\mid_293_1101.jpg,600x600,fake,mid,1,1,0,1
695,data\real_and_fake_face\training_fake\mid_294_1110.jpg,600x600,fake,mid,1,1,1,0
696,data\real_and_fake_face\training_fake\mid_295_0111.jpg,600x600,fake,mid,0,1,1,1
697,data\real_and_fake_face\training_fake\mid_296_1111.jpg,600x600,fake,mid,1,1,1,1
698,data\real_and_fake_face\training_fake\mid_297_0010.jpg,600x600,fake,mid,0,0,1,0
699,data\real_and_fake_face\training_fake\mid_298_0001.jpg,600x600,fake,mid,0,0,0,1
700,data\real_and_fake_face\training_fake\mid_299_1100.jpg,600x600,fake,mid,1,1,0,0
701,data\real_and_fake_face\training_fake\mid_29_1111.jpg,600x600,fake,mid,1,1,1,1
702,data\real_and_fake_face\training_fake\mid_2_1101.jpg,600x600,fake,mid,1,1,0,1
703,data\real_and_fake_face\training_fake\mid_300_0111.jpg,600x600,fake,mid,0,1,1,1
704,data\real_and_fake_face\training_fake\mid_301_0101.jpg,600x600,fake,mid,0,1,0,1
705,data\real_and_fake_face\training_fake\mid_302_1100.jpg,600x600,fake,mid,1,1,0,0
706,data\real_and_fake_face\training_fake\mid_303_1100.jpg,600x600,fake,mid,1,1,0,0
707,data\real_and_fake_face\training_fake\mid_304_1111.jpg,600x600,fake,mid,1,1,1,1
708,data\real_and_fake_face\training_fake\mid_305_1101.jpg,600x600,fake,mid,1,1,0,1
709,data\real_and_fake_face\training_fake\mid_306_1111.jpg,600x600,fake,mid,1,1,1,1
710,data\real_and_fake_face\training_fake\mid_307_1101.jpg,600x600,fake,mid,1,1,0,1
711,data\real_and_fake_face\training_fake\mid_308_1111.jpg,600x600,fake,mid,1,1,1,1
712,data\real_and_fake_face\training_fake\mid_309_1111.jpg,600x600,fake,mid,1,1,1,1
713,data\real_and_fake_face\training_fake\mid_30_1110.jpg,600x600,fake,mid,1,1,1,0
714,data\real_and_fake_face\training_fake\mid_310_0111.jpg,600x600,fake,mid,0,1,1,1
715,data\real_and_fake_face\training_fake\mid_311_0011.jpg,600x600,fake,mid,0,0,1,1
716,data\real_and_fake_face\training_fake\mid_312_1111.jpg,600x600,fake,mid,1,1,1,1
717,data\real_and_fake_face\training_fake\mid_313_1101.jpg,600x600,fake,mid,1,1,0,1
718,data\real_and_fake_face\training_fake\mid_314_1101.jpg,600x600,fake,mid,1,1,0,1
719,data\real_and_fake_face\training_fake\mid_315_1101.jpg,600x600,fake,mid,1,1,0,1
720,data\real_and_fake_face\training_fake\mid_316_1111.jpg,600x600,fake,mid,1,1,1,1
721,data\real_and_fake_face\training_fake\mid_317_1101.jpg,600x600,fake,mid,1,1,0,1
722,data\real_and_fake_face\training_fake\mid_318_1111.jpg,600x600,fake,mid,1,1,1,1
723,data\real_and_fake_face\training_fake\mid_319_1111.jpg,600x600,fake,mid,1,1,1,1
724,data\real_and_fake_face\training_fake\mid_31_1111.jpg,600x600,fake,mid,1,1,1,1
725,data\real_and_fake_face\training_fake\mid_320_1111.jpg,600x600,fake,mid,1,1,1,1
726,data\real_and_fake_face\training_fake\mid_321_1110.jpg,600x600,fake,mid,1,1,1,0
727,data\real_and_fake_face\training_fake\mid_322_1111.jpg,600x600,fake,mid,1,1,1,1
728,data\real_and_fake_face\training_fake\mid_323_1101.jpg,600x600,fake,mid,1,1,0,1
729,data\real_and_fake_face\training_fake\mid_324_1111.jpg,600x600,fake,mid,1,1,1,1
730,data\real_and_fake_face\training_fake\mid_325_0011.jpg,600x600,fake,mid,0,0,1,1
731,data\real_and_fake_face\training_fake\mid_326_1111.jpg,600x600,fake,mid,1,1,1,1
732,data\real_and_fake_face\training_fake\mid_327_0111.jpg,600x600,fake,mid,0,1,1,1
733,data\real_and_fake_face\training_fake\mid_328_0011.jpg,600x600,fake,mid,0,0,1,1
734,data\real_and_fake_face\training_fake\mid_329_1110.jpg,600x600,fake,mid,1,1,1,0
735,data\real_and_fake_face\training_fake\mid_32_1111.jpg,600x600,fake,mid,1,1,1,1
736,data\real_and_fake_face\training_fake\mid_330_1111.jpg,600x600,fake,mid,1,1,1,1
737,data\real_and_fake_face\training_fake\mid_331_0011.jpg,600x600,fake,mid,0,0,1,1
738,data\real_and_fake_face\training_fake\mid_332_1111.jpg,600x600,fake,mid,1,1,1,1
739,data\real_and_fake_face\training_fake\mid_333_1101.jpg,600x600,fake,mid,1,1,0,1
740,data\real_and_fake_face\training_fake\mid_334_1111.jpg,600x600,fake,mid,1,1,1,1
741,data\real_and_fake_face\training_fake\mid_335_1100.jpg,600x600,fake,mid,1,1,0,0
742,data\real_and_fake_face\training_fake\mid_336_1111.jpg,600x600,fake,mid,1,1,1,1
743,data\real_and_fake_face\training_fake\mid_337_1111.jpg,600x600,fake,mid,1,1,1,1
744,data\real_and_fake_face\training_fake\mid_338_1100.jpg,600x600,fake,mid,1,1,0,0
745,data\real_and_fake_face\training_fake\mid_339_1100.jpg,600x600,fake,mid,1,1,0,0
746,data\real_and_fake_face\training_fake\mid_33_1011.jpg,600x600,fake,mid,1,0,1,1
747,data\real_and_fake_face\training_fake\mid_340_1111.jpg,600x600,fake,mid,1,1,1,1
748,data\real_and_fake_face\training_fake\mid_341_1110.jpg,600x600,fake,mid,1,1,1,0
749,data\real_and_fake_face\training_fake\mid_342_1110.jpg,600x600,fake,mid,1,1,1,0
750,data\real_and_fake_face\training_fake\mid_343_1111.jpg,600x600,fake,mid,1,1,1,1
751,data\real_and_fake_face\training_fake\mid_344_0010.jpg,600x600,fake,mid,0,0,1,0
752,data\real_and_fake_face\training_fake\mid_345_1111.jpg,600x600,fake,mid,1,1,1,1
753,data\real_and_fake_face\training_fake\mid_346_0011.jpg,600x600,fake,mid,0,0,1,1
754,data\real_and_fake_face\training_fake\mid_347_0011.jpg,600x600,fake,mid,0,0,1,1
755,data\real_and_fake_face\training_fake\mid_348_1100.jpg,600x600,fake,mid,1,1,0,0
756,data\real_and_fake_face\training_fake\mid_349_1111.jpg,600x600,fake,mid,1,1,1,1
757,data\real_and_fake_face\training_fake\mid_34_1111.jpg,600x600,fake,mid,1,1,1,1
758,data\real_and_fake_face\training_fake\mid_350_0100.jpg,600x600,fake,mid,0,1,0,0
759,data\real_and_fake_face\training_fake\mid_351_0110.jpg,600x600,fake,mid,0,1,1,0
760,data\real_and_fake_face\training_fake\mid_352_1111.jpg,600x600,fake,mid,1,1,1,1
761,data\real_and_fake_face\training_fake\mid_353_0011.jpg,600x600,fake,mid,0,0,1,1
762,data\real_and_fake_face\training_fake\mid_354_1110.jpg,600x600,fake,mid,1,1,1,0
763,data\real_and_fake_face\training_fake\mid_355_1011.jpg,600x600,fake,mid,1,0,1,1
764,data\real_and_fake_face\training_fake\mid_356_1110.jpg,600x600,fake,mid,1,1,1,0
765,data\real_and_fake_face\training_fake\mid_357_0011.jpg,600x600,fake,mid,0,0,1,1
766,data\real_and_fake_face\training_fake\mid_358_1100.jpg,600x600,fake,mid,1,1,0,0
767,data\real_and_fake_face\training_fake\mid_359_1101.jpg,600x600,fake,mid,1,1,0,1
768,data\real_and_fake_face\training_fake\mid_35_1101.jpg,600x600,fake,mid,1,1,0,1
769,data\real_and_fake_face\training_fake\mid_360_1100.jpg,600x600,fake,mid,1,1,0,0
770,data\real_and_fake_face\training_fake\mid_361_0001.jpg,600x600,fake,mid,0,0,0,1
771,data\real_and_fake_face\training_fake\mid_362_1101.jpg,600x600,fake,mid,1,1,0,1
772,data\real_and_fake_face\training_fake\mid_363_1101.jpg,600x600,fake,mid,1,1,0,1
773,data\real_and_fake_face\training_fake\mid_364_1111.jpg,600x600,fake,mid,1,1,1,1
774,data\real_and_fake_face\training_fake\mid_365_1111.jpg,600x600,fake,mid,1,1,1,1
775,data\real_and_fake_face\training_fake\mid_366_1111.jpg,600x600,fake,mid,1,1,1,1
776,data\real_and_fake_face\training_fake\mid_367_0010.jpg,600x600,fake,mid,0,0,1,0
777,data\real_and_fake_face\training_fake\mid_368_0110.jpg,600x600,fake,mid,0,1,1,0
778,data\real_and_fake_face\training_fake\mid_369_1110.jpg,600x600,fake,mid,1,1,1,0
779,data\real_and_fake_face\training_fake\mid_36_1100.jpg,600x600,fake,mid,1,1,0,0
780,data\real_and_fake_face\training_fake\mid_370_1111.jpg,600x600,fake,mid,1,1,1,1
781,data\real_and_fake_face\training_fake\mid_371_0011.jpg,600x600,fake,mid,0,0,1,1
782,data\real_and_fake_face\training_fake\mid_372_0011.jpg,600x600,fake,mid,0,0,1,1
783,data\real_and_fake_face\training_fake\mid_373_1111.jpg,600x600,fake,mid,1,1,1,1
784,data\real_and_fake_face\training_fake\mid_374_0011.jpg,600x600,fake,mid,0,0,1,1
785,data\real_and_fake_face\training_fake\mid_375_1110.jpg,600x600,fake,mid,1,1,1,0
786,data\real_and_fake_face\training_fake\mid_376_0001.jpg,600x600,fake,mid,0,0,0,1
787,data\real_and_fake_face\training_fake\mid_377_0100.jpg,600x600,fake,mid,0,1,0,0
788,data\real_and_fake_face\training_fake\mid_378_1110.jpg,600x600,fake,mid,1,1,1,0
789,data\real_and_fake_face\training_fake\mid_379_1100.jpg,600x600,fake,mid,1,1,0,0
790,data\real_and_fake_face\training_fake\mid_37_1111.jpg,600x600,fake,mid,1,1,1,1
791,data\real_and_fake_face\training_fake\mid_380_1111.jpg,600x600,fake,mid,1,1,1,1
792,data\real_and_fake_face\training_fake\mid_381_1101.jpg,600x600,fake,mid,1,1,0,1
793,data\real_and_fake_face\training_fake\mid_382_0011.jpg,600x600,fake,mid,0,0,1,1
794,data\real_and_fake_face\training_fake\mid_383_1100.jpg,600x600,fake,mid,1,1,0,0
795,data\real_and_fake_face\training_fake\mid_384_0011.jpg,600x600,fake,mid,0,0,1,1
796,data\real_and_fake_face\training_fake\mid_385_1100.jpg,600x600,fake,mid,1,1,0,0
797,data\real_and_fake_face\training_fake\mid_386_1110.jpg,600x600,fake,mid,1,1,1,0
798,data\real_and_fake_face\training_fake\mid_387_1100.jpg,600x600,fake,mid,1,1,0,0
799,data\real_and_fake_face\training_fake\mid_388_1111.jpg,600x600,fake,mid,1,1,1,1
800,data\real_and_fake_face\training_fake\mid_389_1101.jpg,600x600,fake,mid,1,1,0,1
801,data\real_and_fake_face\training_fake\mid_38_1111.jpg,600x600,fake,mid,1,1,1,1
802,data\real_and_fake_face\training_fake\mid_390_0011.jpg,600x600,fake,mid,0,0,1,1
803,data\real_and_fake_face\training_fake\mid_391_1110.jpg,600x600,fake,mid,1,1,1,0
804,data\real_and_fake_face\training_fake\mid_392_1111.jpg,600x600,fake,mid,1,1,1,1
805,data\real_and_fake_face\training_fake\mid_393_1101.jpg,600x600,fake,mid,1,1,0,1
806,data\real_and_fake_face\training_fake\mid_394_1111.jpg,600x600,fake,mid,1,1,1,1
807,data\real_and_fake_face\training_fake\mid_395_1110.jpg,600x600,fake,mid,1,1,1,0
808,data\real_and_fake_face\training_fake\mid_396_1011.jpg,600x600,fake,mid,1,0,1,1
809,data\real_and_fake_face\training_fake\mid_397_1111.jpg,600x600,fake,mid,1,1,1,1
810,data\real_and_fake_face\training_fake\mid_398_0011.jpg,600x600,fake,mid,0,0,1,1
811,data\real_and_fake_face\training_fake\mid_399_0011.jpg,600x600,fake,mid,0,0,1,1
812,data\real_and_fake_face\training_fake\mid_39_1111.jpg,600x600,fake,mid,1,1,1,1
813,data\real_and_fake_face\training_fake\mid_3_1100.jpg,600x600,fake,mid,1,1,0,0
814,data\real_and_fake_face\training_fake\mid_400_0011.jpg,600x600,fake,mid,0,0,1,1
815,data\real_and_fake_face\training_fake\mid_401_0111.jpg,600x600,fake,mid,0,1,1,1
816,data\real_and_fake_face\training_fake\mid_402_0011.jpg,600x600,fake,mid,0,0,1,1
817,data\real_and_fake_face\training_fake\mid_403_1111.jpg,600x600,fake,mid,1,1,1,1
818,data\real_and_fake_face\training_fake\mid_404_0011.jpg,600x600,fake,mid,0,0,1,1
819,data\real_and_fake_face\training_fake\mid_405_0011.jpg,600x600,fake,mid,0,0,1,1
820,data\real_and_fake_face\training_fake\mid_406_0011.jpg,600x600,fake,mid,0,0,1,1
821,data\real_and_fake_face\training_fake\mid_407_1111.jpg,600x600,fake,mid,1,1,1,1
822,data\real_and_fake_face\training_fake\mid_408_1111.jpg,600x600,fake,mid,1,1,1,1
823,data\real_and_fake_face\training_fake\mid_409_1101.jpg,600x600,fake,mid,1,1,0,1
824,data\real_and_fake_face\training_fake\mid_40_1111.jpg,600x600,fake,mid,1,1,1,1
825,data\real_and_fake_face\training_fake\mid_410_1111.jpg,600x600,fake,mid,1,1,1,1
826,data\real_and_fake_face\training_fake\mid_411_1111.jpg,600x600,fake,mid,1,1,1,1
827,data\real_and_fake_face\training_fake\mid_412_0011.jpg,600x600,fake,mid,0,0,1,1
828,data\real_and_fake_face\training_fake\mid_413_1111.jpg,600x600,fake,mid,1,1,1,1
829,data\real_and_fake_face\training_fake\mid_414_0011.jpg,600x600,fake,mid,0,0,1,1
830,data\real_and_fake_face\training_fake\mid_415_1111.jpg,600x600,fake,mid,1,1,1,1
831,data\real_and_fake_face\training_fake\mid_416_1111.jpg,600x600,fake,mid,1,1,1,1
832,data\real_and_fake_face\training_fake\mid_417_1111.jpg,600x600,fake,mid,1,1,1,1
833,data\real_and_fake_face\training_fake\mid_418_1101.jpg,600x600,fake,mid,1,1,0,1
834,data\real_and_fake_face\training_fake\mid_419_0011.jpg,600x600,fake,mid,0,0,1,1
835,data\real_and_fake_face\training_fake\mid_41_1111.jpg,600x600,fake,mid,1,1,1,1
836,data\real_and_fake_face\training_fake\mid_420_1101.jpg,600x600,fake,mid,1,1,0,1
837,data\real_and_fake_face\training_fake\mid_421_0011.jpg,600x600,fake,mid,0,0,1,1
838,data\real_and_fake_face\training_fake\mid_422_0011.jpg,600x600,fake,mid,0,0,1,1
839,data\real_and_fake_face\training_fake\mid_423_1101.jpg,600x600,fake,mid,1,1,0,1
840,data\real_and_fake_face\training_fake\mid_424_1111.jpg,600x600,fake,mid,1,1,1,1
841,data\real_and_fake_face\training_fake\mid_425_1111.jpg,600x600,fake,mid,1,1,1,1
842,data\real_and_fake_face\training_fake\mid_426_1111.jpg,600x600,fake,mid,1,1,1,1
843,data\real_and_fake_face\training_fake\mid_427_1010.jpg,600x600,fake,mid,1,0,1,0
844,data\real_and_fake_face\training_fake\mid_428_0001.jpg,600x600,fake,mid,0,0,0,1
845,data\real_and_fake_face\training_fake\mid_429_1110.jpg,600x600,fake,mid,1,1,1,0
846,data\real_and_fake_face\training_fake\mid_42_1111.jpg,600x600,fake,mid,1,1,1,1
847,data\real_and_fake_face\training_fake\mid_430_1111.jpg,600x600,fake,mid,1,1,1,1
848,data\real_and_fake_face\training_fake\mid_431_0001.jpg,600x600,fake,mid,0,0,0,1
849,data\real_and_fake_face\training_fake\mid_432_1111.jpg,600x600,fake,mid,1,1,1,1
850,data\real_and_fake_face\training_fake\mid_433_0011.jpg,600x600,fake,mid,0,0,1,1
851,data\real_and_fake_face\training_fake\mid_434_1110.jpg,600x600,fake,mid,1,1,1,0
852,data\real_and_fake_face\training_fake\mid_435_1111.jpg,600x600,fake,mid,1,1,1,1
853,data\real_and_fake_face\training_fake\mid_436_1111.jpg,600x600,fake,mid,1,1,1,1
854,data\real_and_fake_face\training_fake\mid_437_1101.jpg,600x600,fake,mid,1,1,0,1
855,data\real_and_fake_face\training_fake\mid_438_0010.jpg,600x600,fake,mid,0,0,1,0
856,data\real_and_fake_face\training_fake\mid_439_1000.jpg,600x600,fake,mid,1,0,0,0
857,data\real_and_fake_face\training_fake\mid_43_1111.jpg,600x600,fake,mid,1,1,1,1
858,data\real_and_fake_face\training_fake\mid_440_0101.jpg,600x600,fake,mid,0,1,0,1
859,data\real_and_fake_face\training_fake\mid_441_0011.jpg,600x600,fake,mid,0,0,1,1
860,data\real_and_fake_face\training_fake\mid_442_0111.jpg,600x600,fake,mid,0,1,1,1
861,data\real_and_fake_face\training_fake\mid_443_0011.jpg,600x600,fake,mid,0,0,1,1
862,data\real_and_fake_face\training_fake\mid_444_1111.jpg,600x600,fake,mid,1,1,1,1
863,data\real_and_fake_face\training_fake\mid_445_1111.jpg,600x600,fake,mid,1,1,1,1
864,data\real_and_fake_face\training_fake\mid_446_0011.jpg,600x600,fake,mid,0,0,1,1
865,data\real_and_fake_face\training_fake\mid_447_0011.jpg,600x600,fake,mid,0,0,1,1
866,data\real_and_fake_face\training_fake\mid_448_0011.jpg,600x600,fake,mid,0,0,1,1
867,data\real_and_fake_face\training_fake\mid_449_1111.jpg,600x600,fake,mid,1,1,1,1
868,data\real_and_fake_face\training_fake\mid_44_1111.jpg,600x600,fake,mid,1,1,1,1
869,data\real_and_fake_face\training_fake\mid_450_1101.jpg,600x600,fake,mid,1,1,0,1
870,data\real_and_fake_face\training_fake\mid_451_1111.jpg,600x600,fake,mid,1,1,1,1
871,data\real_and_fake_face\training_fake\mid_452_1111.jpg,600x600,fake,mid,1,1,1,1
872,data\real_and_fake_face\training_fake\mid_453_1111.jpg,600x600,fake,mid,1,1,1,1
873,data\real_and_fake_face\training_fake\mid_454_1111.jpg,600x600,fake,mid,1,1,1,1
874,data\real_and_fake_face\training_fake\mid_455_0101.jpg,600x600,fake,mid,0,1,0,1
875,data\real_and_fake_face\training_fake\mid_456_1111.jpg,600x600,fake,mid,1,1,1,1
876,data\real_and_fake_face\training_fake\mid_457_1100.jpg,600x600,fake,mid,1,1,0,0
877,data\real_and_fake_face\training_fake\mid_458_1111.jpg,600x600,fake,mid,1,1,1,1
878,data\real_and_fake_face\training_fake\mid_459_1001.jpg,600x600,fake,mid,1,0,0,1
879,data\real_and_fake_face\training_fake\mid_45_0010.jpg,600x600,fake,mid,0,0,1,0
880,data\real_and_fake_face\training_fake\mid_460_1111.jpg,600x600,fake,mid,1,1,1,1
881,data\real_and_fake_face\training_fake\mid_461_1100.jpg,600x600,fake,mid,1,1,0,0
882,data\real_and_fake_face\training_fake\mid_462_1101.jpg,600x600,fake,mid,1,1,0,1
883,data\real_and_fake_face\training_fake\mid_463_0100.jpg,600x600,fake,mid,0,1,0,0
884,data\real_and_fake_face\training_fake\mid_464_1111.jpg,600x600,fake,mid,1,1,1,1
885,data\real_and_fake_face\training_fake\mid_465_1111.jpg,600x600,fake,mid,1,1,1,1
886,data\real_and_fake_face\training_fake\mid_466_1111.jpg,600x600,fake,mid,1,1,1,1
887,data\real_and_fake_face\training_fake\mid_467_1111.jpg,600x600,fake,mid,1,1,1,1
888,data\real_and_fake_face\training_fake\mid_468_1110.jpg,600x600,fake,mid,1,1,1,0
889,data\real_and_fake_face\training_fake\mid_469_1111.jpg,600x600,fake,mid,1,1,1,1
890,data\real_and_fake_face\training_fake\mid_46_1111.jpg,600x600,fake,mid,1,1,1,1
891,data\real_and_fake_face\training_fake\mid_470_1001.jpg,600x600,fake,mid,1,0,0,1
892,data\real_and_fake_face\training_fake\mid_471_1111.jpg,600x600,fake,mid,1,1,1,1
893,data\real_and_fake_face\training_fake\mid_472_1101.jpg,600x600,fake,mid,1,1,0,1
894,data\real_and_fake_face\training_fake\mid_473_0011.jpg,600x600,fake,mid,0,0,1,1
895,data\real_and_fake_face\training_fake\mid_474_1110.jpg,600x600,fake,mid,1,1,1,0
896,data\real_and_fake_face\training_fake\mid_475_1111.jpg,600x600,fake,mid,1,1,1,1
897,data\real_and_fake_face\training_fake\mid_476_1111.jpg,600x600,fake,mid,1,1,1,1
898,data\real_and_fake_face\training_fake\mid_477_1100.jpg,600x600,fake,mid,1,1,0,0
899,data\real_and_fake_face\training_fake\mid_478_1101.jpg,600x600,fake,mid,1,1,0,1
900,data\real_and_fake_face\training_fake\mid_479_1111.jpg,600x600,fake,mid,1,1,1,1
901,data\real_and_fake_face\training_fake\mid_47_1110.jpg,600x600,fake,mid,1,1,1,0
902,data\real_and_fake_face\training_fake\mid_480_1111.jpg,600x600,fake,mid,1,1,1,1
903,data\real_and_fake_face\training_fake\mid_48_1111.jpg,600x600,fake,mid,1,1,1,1
904,data\real_and_fake_face\training_fake\mid_49_1111.jpg,600x600,fake,mid,1,1,1,1
905,data\real_and_fake_face\training_fake\mid_4_1111.jpg,600x600,fake,mid,1,1,1,1
906,data\real_and_fake_face\training_fake\mid_50_1111.jpg,600x600,fake,mid,1,1,1,1
907,data\real_and_fake_face\training_fake\mid_51_1111.jpg,600x600,fake,mid,1,1,1,1
908,data\real_and_fake_face\training_fake\mid_52_1111.jpg,600x600,fake,mid,1,1,1,1
909,data\real_and_fake_face\training_fake\mid_53_1100.jpg,600x600,fake,mid,1,1,0,0
910,data\real_and_fake_face\training_fake\mid_54_1111.jpg,600x600,fake,mid,1,1,1,1
911,data\real_and_fake_face\training_fake\mid_55_1111.jpg,600x600,fake,mid,1,1,1,1
912,data\real_and_fake_face\training_fake\mid_56_1111.jpg,600x600,fake,mid,1,1,1,1
913,data\real_and_fake_face\training_fake\mid_57_1111.jpg,600x600,fake,mid,1,1,1,1
914,data\real_and_fake_face\training_fake\mid_58_1100.jpg,600x600,fake,mid,1,1,0,0
915,data\real_and_fake_face\training_fake\mid_59_1111.jpg,600x600,fake,mid,1,1,1,1
916,data\real_and_fake_face\training_fake\mid_5_0011.jpg,600x600,fake,mid,0,0,1,1
917,data\real_and_fake_face\training_fake\mid_60_1101.jpg,600x600,fake,mid,1,1,0,1
918,data\real_and_fake_face\training_fake\mid_61_1111.jpg,600x600,fake,mid,1,1,1,1
919,data\real_and_fake_face\training_fake\mid_62_1110.jpg,600x600,fake,mid,1,1,1,0
920,data\real_and_fake_face\training_fake\mid_63_1111.jpg,600x600,fake,mid,1,1,1,1
921,data\real_and_fake_face\training_fake\mid_64_1100.jpg,600x600,fake,mid,1,1,0,0
922,data\real_and_fake_face\training_fake\mid_65_1111.jpg,600x600,fake,mid,1,1,1,1
923,data\real_and_fake_face\training_fake\mid_66_1100.jpg,600x600,fake,mid,1,1,0,0
924,data\real_and_fake_face\training_fake\mid_67_1111.jpg,600x600,fake,mid,1,1,1,1
925,data\real_and_fake_face\training_fake\mid_68_1111.jpg,600x600,fake,mid,1,1,1,1
926,data\real_and_fake_face\training_fake\mid_69_1111.jpg,600x600,fake,mid,1,1,1,1
927,data\real_and_fake_face\training_fake\mid_6_1111.jpg,600x600,fake,mid,1,1,1,1
928,data\real_and_fake_face\training_fake\mid_70_1111.jpg,600x600,fake,mid,1,1,1,1
929,data\real_and_fake_face\training_fake\mid_71_1111.jpg,600x600,fake,mid,1,1,1,1
930,data\real_and_fake_face\training_fake\mid_72_1111.jpg,600x600,fake,mid,1,1,1,1
931,data\real_and_fake_face\training_fake\mid_73_1110.jpg,600x600,fake,mid,1,1,1,0
932,data\real_and_fake_face\training_fake\mid_74_1111.jpg,600x600,fake,mid,1,1,1,1
933,data\real_and_fake_face\training_fake\mid_75_1111.jpg,600x600,fake,mid,1,1,1,1
934,data\real_and_fake_face\training_fake\mid_76_1111.jpg,600x600,fake,mid,1,1,1,1
935,data\real_and_fake_face\training_fake\mid_77_1110.jpg,600x600,fake,mid,1,1,1,0
936,data\real_and_fake_face\training_fake\mid_78_1101.jpg,600x600,fake,mid,1,1,0,1
937,data\real_and_fake_face\training_fake\mid_79_1111.jpg,600x600,fake,mid,1,1,1,1
938,data\real_and_fake_face\training_fake\mid_7_1100.jpg,600x600,fake,mid,1,1,0,0
939,data\real_and_fake_face\training_fake\mid_80_1111.jpg,600x600,fake,mid,1,1,1,1
940,data\real_and_fake_face\training_fake\mid_81_1101.jpg,600x600,fake,mid,1,1,0,1
941,data\real_and_fake_face\training_fake\mid_82_1111.jpg,600x600,fake,mid,1,1,1,1
942,data\real_and_fake_face\training_fake\mid_83_1111.jpg,600x600,fake,mid,1,1,1,1
943,data\real_and_fake_face\training_fake\mid_84_1111.jpg,600x600,fake,mid,1,1,1,1
944,data\real_and_fake_face\training_fake\mid_85_0011.jpg,600x600,fake,mid,0,0,1,1
945,data\real_and_fake_face\training_fake\mid_86_1111.jpg,600x600,fake,mid,1,1,1,1
946,data\real_and_fake_face\training_fake\mid_87_1111.jpg,600x600,fake,mid,1,1,1,1
947,data\real_and_fake_face\training_fake\mid_88_1110.jpg,600x600,fake,mid,1,1,1,0
948,data\real_and_fake_face\training_fake\mid_89_1111.jpg,600x600,fake,mid,1,1,1,1
949,data\real_and_fake_face\training_fake\mid_8_1111.jpg,600x600,fake,mid,1,1,1,1
950,data\real_and_fake_face\training_fake\mid_90_1111.jpg,600x600,fake,mid,1,1,1,1
951,data\real_and_fake_face\training_fake\mid_91_1111.jpg,600x600,fake,mid,1,1,1,1
952,data\real_and_fake_face\training_fake\mid_92_1111.jpg,600x600,fake,mid,1,1,1,1
953,data\real_and_fake_face\training_fake\mid_93_1111.jpg,600x600,fake,mid,1,1,1,1
954,data\real_and_fake_face\training_fake\mid_94_1111.jpg,600x600,fake,mid,1,1,1,1
955,data\real_and_fake_face\training_fake\mid_95_1100.jpg,600x600,fake,mid,1,1,0,0
956,data\real_and_fake_face\training_fake\mid_96_1111.jpg,600x600,fake,mid,1,1,1,1
957,data\real_and_fake_face\training_fake\mid_97_1111.jpg,600x600,fake,mid,1,1,1,1
958,data\real_and_fake_face\training_fake\mid_98_1111.jpg,600x600,fake,mid,1,1,1,1
959,data\real_and_fake_face\training_fake\mid_99_1100.jpg,600x600,fake,mid,1,1,0,0
960,data\real_and_fake_face\training_fake\mid_9_1110.jpg,600x600,fake,mid,1,1,1,0
